	source	feature	query_url
0	AccessClinicalData@NIAID	citedBy	https://api-staging.data.niaid.nih.gov/v1/query?q=includedInDataCatalog.name:AccessClinicalData@NIAID+AND+_exists_:citedBy
1	AccessClinicalData@NIAID	isBasedOn	https://api-staging.data.niaid.nih.gov/v1/query?q=includedInDataCatalog.name:AccessClinicalData@NIAID+AND+_exists_:isBasedOn
2	AccessClinicalData@NIAID	isBasisFor	https://api-staging.data.niaid.nih.gov/v1/query?q=includedInDataCatalog.name:AccessClinicalData@NIAID+AND+_exists_:isBasisFor
3	AccessClinicalData@NIAID	spatialCoverage	https://api-staging.data.niaid.nih.gov/v1/query?q=includedInDataCatalog.name:AccessClinicalData@NIAID+AND+_exists_:spatialCoverage
4	AccessClinicalData@NIAID	temporalCoverage	https://api-staging.data.niaid.nih.gov/v1/query?q=includedInDataCatalog.name:AccessClinicalData@NIAID+AND+_exists_:temporalCoverage
5	biotools	infectiousAgent.name	https://api-staging.data.niaid.nih.gov/v1/query?q=includedInDataCatalog.name:biotools+AND+_exists_:infectiousAgent.name
6	biotools	species.name	https://api-staging.data.niaid.nih.gov/v1/query?q=includedInDataCatalog.name:biotools+AND+_exists_:species.name
7	biotools	topicCategory.name	https://api-staging.data.niaid.nih.gov/v1/query?q=includedInDataCatalog.name:biotools+AND+_exists_:topicCategory.name
8	biotools	measurementTechnique.name	https://api-staging.data.niaid.nih.gov/v1/query?q=includedInDataCatalog.name:biotools+AND+_exists_:measurementTechnique.name
9	biotools	citation.pmid	https://api-staging.data.niaid.nih.gov/v1/query?q=includedInDataCatalog.name:biotools+AND+_exists_:citation.pmid
10	biotools	funding.funder.name	https://api-staging.data.niaid.nih.gov/v1/query?q=includedInDataCatalog.name:biotools+AND+_exists_:funding.funder.name
11	biotools	citedBy	https://api-staging.data.niaid.nih.gov/v1/query?q=includedInDataCatalog.name:biotools+AND+_exists_:citedBy
12	biotools	isBasedOn	https://api-staging.data.niaid.nih.gov/v1/query?q=includedInDataCatalog.name:biotools+AND+_exists_:isBasedOn
13	biotools	isBasisFor	https://api-staging.data.niaid.nih.gov/v1/query?q=includedInDataCatalog.name:biotools+AND+_exists_:isBasisFor
14	biotools	isPartOf	https://api-staging.data.niaid.nih.gov/v1/query?q=includedInDataCatalog.name:biotools+AND+_exists_:isPartOf
15	biotools	hasPart	https://api-staging.data.niaid.nih.gov/v1/query?q=includedInDataCatalog.name:biotools+AND+_exists_:hasPart
16	biotools	isRelatedTo	https://api-staging.data.niaid.nih.gov/v1/query?q=includedInDataCatalog.name:biotools+AND+_exists_:isRelatedTo
17	biotools	spatialCoverage	https://api-staging.data.niaid.nih.gov/v1/query?q=includedInDataCatalog.name:biotools+AND+_exists_:spatialCoverage
18	biotools	temporalCoverage	https://api-staging.data.niaid.nih.gov/v1/query?q=includedInDataCatalog.name:biotools+AND+_exists_:temporalCoverage
19	ClinEpiDB	citedBy	https://api-staging.data.niaid.nih.gov/v1/query?q=includedInDataCatalog.name:ClinEpiDB+AND+_exists_:citedBy
20	ClinEpiDB	isBasisFor	https://api-staging.data.niaid.nih.gov/v1/query?q=includedInDataCatalog.name:ClinEpiDB+AND+_exists_:isBasisFor
21	ClinEpiDB	isPartOf	https://api-staging.data.niaid.nih.gov/v1/query?q=includedInDataCatalog.name:ClinEpiDB+AND+_exists_:isPartOf
22	ClinEpiDB	hasPart	https://api-staging.data.niaid.nih.gov/v1/query?q=includedInDataCatalog.name:ClinEpiDB+AND+_exists_:hasPart
23	ClinEpiDB	isRelatedTo	https://api-staging.data.niaid.nih.gov/v1/query?q=includedInDataCatalog.name:ClinEpiDB+AND+_exists_:isRelatedTo
24	Data+Discovery+Engine	infectiousAgent.name	https://api-staging.data.niaid.nih.gov/v1/query?q=includedInDataCatalog.name:Data+Discovery+Engine+AND+_exists_:infectiousAgent.name
25	Data+Discovery+Engine	species.name	https://api-staging.data.niaid.nih.gov/v1/query?q=includedInDataCatalog.name:Data+Discovery+Engine+AND+_exists_:species.name
26	Data+Discovery+Engine	topicCategory.name	https://api-staging.data.niaid.nih.gov/v1/query?q=includedInDataCatalog.name:Data+Discovery+Engine+AND+_exists_:topicCategory.name
27	Data+Discovery+Engine	measurementTechnique.name	https://api-staging.data.niaid.nih.gov/v1/query?q=includedInDataCatalog.name:Data+Discovery+Engine+AND+_exists_:measurementTechnique.name
28	Data+Discovery+Engine	citation.pmid	https://api-staging.data.niaid.nih.gov/v1/query?q=includedInDataCatalog.name:Data+Discovery+Engine+AND+_exists_:citation.pmid
29	Data+Discovery+Engine	funding.funder.name	https://api-staging.data.niaid.nih.gov/v1/query?q=includedInDataCatalog.name:Data+Discovery+Engine+AND+_exists_:funding.funder.name
30	Data+Discovery+Engine	citedBy	https://api-staging.data.niaid.nih.gov/v1/query?q=includedInDataCatalog.name:Data+Discovery+Engine+AND+_exists_:citedBy
31	Data+Discovery+Engine	isBasedOn	https://api-staging.data.niaid.nih.gov/v1/query?q=includedInDataCatalog.name:Data+Discovery+Engine+AND+_exists_:isBasedOn
32	Data+Discovery+Engine	isBasisFor	https://api-staging.data.niaid.nih.gov/v1/query?q=includedInDataCatalog.name:Data+Discovery+Engine+AND+_exists_:isBasisFor
33	Data+Discovery+Engine	isPartOf	https://api-staging.data.niaid.nih.gov/v1/query?q=includedInDataCatalog.name:Data+Discovery+Engine+AND+_exists_:isPartOf
34	Data+Discovery+Engine	hasPart	https://api-staging.data.niaid.nih.gov/v1/query?q=includedInDataCatalog.name:Data+Discovery+Engine+AND+_exists_:hasPart
35	Data+Discovery+Engine	isRelatedTo	https://api-staging.data.niaid.nih.gov/v1/query?q=includedInDataCatalog.name:Data+Discovery+Engine+AND+_exists_:isRelatedTo
36	Data+Discovery+Engine	spatialCoverage	https://api-staging.data.niaid.nih.gov/v1/query?q=includedInDataCatalog.name:Data+Discovery+Engine+AND+_exists_:spatialCoverage
37	Data+Discovery+Engine	temporalCoverage	https://api-staging.data.niaid.nih.gov/v1/query?q=includedInDataCatalog.name:Data+Discovery+Engine+AND+_exists_:temporalCoverage
38	Dryad+Digital+Repository	infectiousAgent.name	https://api-staging.data.niaid.nih.gov/v1/query?q=includedInDataCatalog.name:Dryad+Digital+Repository+AND+_exists_:infectiousAgent.name
39	Dryad+Digital+Repository	species.name	https://api-staging.data.niaid.nih.gov/v1/query?q=includedInDataCatalog.name:Dryad+Digital+Repository+AND+_exists_:species.name
40	Dryad+Digital+Repository	topicCategory.name	https://api-staging.data.niaid.nih.gov/v1/query?q=includedInDataCatalog.name:Dryad+Digital+Repository+AND+_exists_:topicCategory.name
41	Dryad+Digital+Repository	measurementTechnique.name	https://api-staging.data.niaid.nih.gov/v1/query?q=includedInDataCatalog.name:Dryad+Digital+Repository+AND+_exists_:measurementTechnique.name
42	Dryad+Digital+Repository	citation.pmid	https://api-staging.data.niaid.nih.gov/v1/query?q=includedInDataCatalog.name:Dryad+Digital+Repository+AND+_exists_:citation.pmid
43	Dryad+Digital+Repository	funding.funder.name	https://api-staging.data.niaid.nih.gov/v1/query?q=includedInDataCatalog.name:Dryad+Digital+Repository+AND+_exists_:funding.funder.name
44	Dryad+Digital+Repository	citedBy	https://api-staging.data.niaid.nih.gov/v1/query?q=includedInDataCatalog.name:Dryad+Digital+Repository+AND+_exists_:citedBy
45	Dryad+Digital+Repository	isBasedOn	https://api-staging.data.niaid.nih.gov/v1/query?q=includedInDataCatalog.name:Dryad+Digital+Repository+AND+_exists_:isBasedOn
46	Dryad+Digital+Repository	isBasisFor	https://api-staging.data.niaid.nih.gov/v1/query?q=includedInDataCatalog.name:Dryad+Digital+Repository+AND+_exists_:isBasisFor
47	Dryad+Digital+Repository	isPartOf	https://api-staging.data.niaid.nih.gov/v1/query?q=includedInDataCatalog.name:Dryad+Digital+Repository+AND+_exists_:isPartOf
48	Dryad+Digital+Repository	hasPart	https://api-staging.data.niaid.nih.gov/v1/query?q=includedInDataCatalog.name:Dryad+Digital+Repository+AND+_exists_:hasPart
49	Dryad+Digital+Repository	isRelatedTo	https://api-staging.data.niaid.nih.gov/v1/query?q=includedInDataCatalog.name:Dryad+Digital+Repository+AND+_exists_:isRelatedTo
50	Dryad+Digital+Repository	spatialCoverage	https://api-staging.data.niaid.nih.gov/v1/query?q=includedInDataCatalog.name:Dryad+Digital+Repository+AND+_exists_:spatialCoverage
51	Dryad+Digital+Repository	temporalCoverage	https://api-staging.data.niaid.nih.gov/v1/query?q=includedInDataCatalog.name:Dryad+Digital+Repository+AND+_exists_:temporalCoverage
52	Figshare	infectiousAgent.name	https://api-staging.data.niaid.nih.gov/v1/query?q=includedInDataCatalog.name:Figshare+AND+_exists_:infectiousAgent.name
53	Figshare	species.name	https://api-staging.data.niaid.nih.gov/v1/query?q=includedInDataCatalog.name:Figshare+AND+_exists_:species.name
54	Figshare	measurementTechnique.name	https://api-staging.data.niaid.nih.gov/v1/query?q=includedInDataCatalog.name:Figshare+AND+_exists_:measurementTechnique.name
55	Figshare	citation.pmid	https://api-staging.data.niaid.nih.gov/v1/query?q=includedInDataCatalog.name:Figshare+AND+_exists_:citation.pmid
56	Figshare	funding.funder.name	https://api-staging.data.niaid.nih.gov/v1/query?q=includedInDataCatalog.name:Figshare+AND+_exists_:funding.funder.name
57	Figshare	citedBy	https://api-staging.data.niaid.nih.gov/v1/query?q=includedInDataCatalog.name:Figshare+AND+_exists_:citedBy
58	Figshare	isBasedOn	https://api-staging.data.niaid.nih.gov/v1/query?q=includedInDataCatalog.name:Figshare+AND+_exists_:isBasedOn
59	Figshare	isBasisFor	https://api-staging.data.niaid.nih.gov/v1/query?q=includedInDataCatalog.name:Figshare+AND+_exists_:isBasisFor
60	Figshare	isPartOf	https://api-staging.data.niaid.nih.gov/v1/query?q=includedInDataCatalog.name:Figshare+AND+_exists_:isPartOf
61	Figshare	hasPart	https://api-staging.data.niaid.nih.gov/v1/query?q=includedInDataCatalog.name:Figshare+AND+_exists_:hasPart
62	Figshare	isRelatedTo	https://api-staging.data.niaid.nih.gov/v1/query?q=includedInDataCatalog.name:Figshare+AND+_exists_:isRelatedTo
63	Figshare	spatialCoverage	https://api-staging.data.niaid.nih.gov/v1/query?q=includedInDataCatalog.name:Figshare+AND+_exists_:spatialCoverage
64	Figshare	temporalCoverage	https://api-staging.data.niaid.nih.gov/v1/query?q=includedInDataCatalog.name:Figshare+AND+_exists_:temporalCoverage
65	Flow+Repository	infectiousAgent.name	https://api-staging.data.niaid.nih.gov/v1/query?q=includedInDataCatalog.name:Flow+Repository+AND+_exists_:infectiousAgent.name
66	Flow+Repository	species.name	https://api-staging.data.niaid.nih.gov/v1/query?q=includedInDataCatalog.name:Flow+Repository+AND+_exists_:species.name
67	Flow+Repository	topicCategory.name	https://api-staging.data.niaid.nih.gov/v1/query?q=includedInDataCatalog.name:Flow+Repository+AND+_exists_:topicCategory.name
68	Flow+Repository	measurementTechnique.name	https://api-staging.data.niaid.nih.gov/v1/query?q=includedInDataCatalog.name:Flow+Repository+AND+_exists_:measurementTechnique.name
69	Flow+Repository	citation.pmid	https://api-staging.data.niaid.nih.gov/v1/query?q=includedInDataCatalog.name:Flow+Repository+AND+_exists_:citation.pmid
70	Flow+Repository	funding.funder.name	https://api-staging.data.niaid.nih.gov/v1/query?q=includedInDataCatalog.name:Flow+Repository+AND+_exists_:funding.funder.name
71	Flow+Repository	citedBy	https://api-staging.data.niaid.nih.gov/v1/query?q=includedInDataCatalog.name:Flow+Repository+AND+_exists_:citedBy
72	Flow+Repository	isBasedOn	https://api-staging.data.niaid.nih.gov/v1/query?q=includedInDataCatalog.name:Flow+Repository+AND+_exists_:isBasedOn
73	Flow+Repository	isBasisFor	https://api-staging.data.niaid.nih.gov/v1/query?q=includedInDataCatalog.name:Flow+Repository+AND+_exists_:isBasisFor
74	Flow+Repository	isPartOf	https://api-staging.data.niaid.nih.gov/v1/query?q=includedInDataCatalog.name:Flow+Repository+AND+_exists_:isPartOf
75	Flow+Repository	hasPart	https://api-staging.data.niaid.nih.gov/v1/query?q=includedInDataCatalog.name:Flow+Repository+AND+_exists_:hasPart
76	Flow+Repository	isRelatedTo	https://api-staging.data.niaid.nih.gov/v1/query?q=includedInDataCatalog.name:Flow+Repository+AND+_exists_:isRelatedTo
77	Flow+Repository	spatialCoverage	https://api-staging.data.niaid.nih.gov/v1/query?q=includedInDataCatalog.name:Flow+Repository+AND+_exists_:spatialCoverage
78	Flow+Repository	temporalCoverage	https://api-staging.data.niaid.nih.gov/v1/query?q=includedInDataCatalog.name:Flow+Repository+AND+_exists_:temporalCoverage
79	Harvard+Dataverse	infectiousAgent.name	https://api-staging.data.niaid.nih.gov/v1/query?q=includedInDataCatalog.name:Harvard+Dataverse+AND+_exists_:infectiousAgent.name
80	Harvard+Dataverse	species.name	https://api-staging.data.niaid.nih.gov/v1/query?q=includedInDataCatalog.name:Harvard+Dataverse+AND+_exists_:species.name
81	Harvard+Dataverse	topicCategory.name	https://api-staging.data.niaid.nih.gov/v1/query?q=includedInDataCatalog.name:Harvard+Dataverse+AND+_exists_:topicCategory.name
82	Harvard+Dataverse	measurementTechnique.name	https://api-staging.data.niaid.nih.gov/v1/query?q=includedInDataCatalog.name:Harvard+Dataverse+AND+_exists_:measurementTechnique.name
83	Harvard+Dataverse	citation.pmid	https://api-staging.data.niaid.nih.gov/v1/query?q=includedInDataCatalog.name:Harvard+Dataverse+AND+_exists_:citation.pmid
84	Harvard+Dataverse	funding.funder.name	https://api-staging.data.niaid.nih.gov/v1/query?q=includedInDataCatalog.name:Harvard+Dataverse+AND+_exists_:funding.funder.name
85	Harvard+Dataverse	citedBy	https://api-staging.data.niaid.nih.gov/v1/query?q=includedInDataCatalog.name:Harvard+Dataverse+AND+_exists_:citedBy
86	Harvard+Dataverse	isBasedOn	https://api-staging.data.niaid.nih.gov/v1/query?q=includedInDataCatalog.name:Harvard+Dataverse+AND+_exists_:isBasedOn
87	Harvard+Dataverse	isBasisFor	https://api-staging.data.niaid.nih.gov/v1/query?q=includedInDataCatalog.name:Harvard+Dataverse+AND+_exists_:isBasisFor
88	Harvard+Dataverse	isPartOf	https://api-staging.data.niaid.nih.gov/v1/query?q=includedInDataCatalog.name:Harvard+Dataverse+AND+_exists_:isPartOf
89	Harvard+Dataverse	hasPart	https://api-staging.data.niaid.nih.gov/v1/query?q=includedInDataCatalog.name:Harvard+Dataverse+AND+_exists_:hasPart
90	Harvard+Dataverse	isRelatedTo	https://api-staging.data.niaid.nih.gov/v1/query?q=includedInDataCatalog.name:Harvard+Dataverse+AND+_exists_:isRelatedTo
91	Harvard+Dataverse	spatialCoverage	https://api-staging.data.niaid.nih.gov/v1/query?q=includedInDataCatalog.name:Harvard+Dataverse+AND+_exists_:spatialCoverage
92	Harvard+Dataverse	temporalCoverage	https://api-staging.data.niaid.nih.gov/v1/query?q=includedInDataCatalog.name:Harvard+Dataverse+AND+_exists_:temporalCoverage
93	HuBMAP	infectiousAgent.name	https://api-staging.data.niaid.nih.gov/v1/query?q=includedInDataCatalog.name:HuBMAP+AND+_exists_:infectiousAgent.name
94	HuBMAP	citation.pmid	https://api-staging.data.niaid.nih.gov/v1/query?q=includedInDataCatalog.name:HuBMAP+AND+_exists_:citation.pmid
95	HuBMAP	funding.funder.name	https://api-staging.data.niaid.nih.gov/v1/query?q=includedInDataCatalog.name:HuBMAP+AND+_exists_:funding.funder.name
96	HuBMAP	citedBy	https://api-staging.data.niaid.nih.gov/v1/query?q=includedInDataCatalog.name:HuBMAP+AND+_exists_:citedBy
97	HuBMAP	isBasedOn	https://api-staging.data.niaid.nih.gov/v1/query?q=includedInDataCatalog.name:HuBMAP+AND+_exists_:isBasedOn
98	HuBMAP	isBasisFor	https://api-staging.data.niaid.nih.gov/v1/query?q=includedInDataCatalog.name:HuBMAP+AND+_exists_:isBasisFor
99	HuBMAP	isPartOf	https://api-staging.data.niaid.nih.gov/v1/query?q=includedInDataCatalog.name:HuBMAP+AND+_exists_:isPartOf
100	HuBMAP	hasPart	https://api-staging.data.niaid.nih.gov/v1/query?q=includedInDataCatalog.name:HuBMAP+AND+_exists_:hasPart
101	HuBMAP	isRelatedTo	https://api-staging.data.niaid.nih.gov/v1/query?q=includedInDataCatalog.name:HuBMAP+AND+_exists_:isRelatedTo
102	HuBMAP	spatialCoverage	https://api-staging.data.niaid.nih.gov/v1/query?q=includedInDataCatalog.name:HuBMAP+AND+_exists_:spatialCoverage
103	HuBMAP	temporalCoverage	https://api-staging.data.niaid.nih.gov/v1/query?q=includedInDataCatalog.name:HuBMAP+AND+_exists_:temporalCoverage
104	Human+Cell+Atlas	infectiousAgent.name	https://api-staging.data.niaid.nih.gov/v1/query?q=includedInDataCatalog.name:Human+Cell+Atlas+AND+_exists_:infectiousAgent.name
105	Human+Cell+Atlas	species.name	https://api-staging.data.niaid.nih.gov/v1/query?q=includedInDataCatalog.name:Human+Cell+Atlas+AND+_exists_:species.name
106	Human+Cell+Atlas	topicCategory.name	https://api-staging.data.niaid.nih.gov/v1/query?q=includedInDataCatalog.name:Human+Cell+Atlas+AND+_exists_:topicCategory.name
107	Human+Cell+Atlas	measurementTechnique.name	https://api-staging.data.niaid.nih.gov/v1/query?q=includedInDataCatalog.name:Human+Cell+Atlas+AND+_exists_:measurementTechnique.name
108	Human+Cell+Atlas	citation.pmid	https://api-staging.data.niaid.nih.gov/v1/query?q=includedInDataCatalog.name:Human+Cell+Atlas+AND+_exists_:citation.pmid
109	Human+Cell+Atlas	funding.funder.name	https://api-staging.data.niaid.nih.gov/v1/query?q=includedInDataCatalog.name:Human+Cell+Atlas+AND+_exists_:funding.funder.name
110	Human+Cell+Atlas	citedBy	https://api-staging.data.niaid.nih.gov/v1/query?q=includedInDataCatalog.name:Human+Cell+Atlas+AND+_exists_:citedBy
111	Human+Cell+Atlas	isBasedOn	https://api-staging.data.niaid.nih.gov/v1/query?q=includedInDataCatalog.name:Human+Cell+Atlas+AND+_exists_:isBasedOn
112	Human+Cell+Atlas	isBasisFor	https://api-staging.data.niaid.nih.gov/v1/query?q=includedInDataCatalog.name:Human+Cell+Atlas+AND+_exists_:isBasisFor
113	Human+Cell+Atlas	isPartOf	https://api-staging.data.niaid.nih.gov/v1/query?q=includedInDataCatalog.name:Human+Cell+Atlas+AND+_exists_:isPartOf
114	Human+Cell+Atlas	hasPart	https://api-staging.data.niaid.nih.gov/v1/query?q=includedInDataCatalog.name:Human+Cell+Atlas+AND+_exists_:hasPart
115	Human+Cell+Atlas	isRelatedTo	https://api-staging.data.niaid.nih.gov/v1/query?q=includedInDataCatalog.name:Human+Cell+Atlas+AND+_exists_:isRelatedTo
116	Human+Cell+Atlas	spatialCoverage	https://api-staging.data.niaid.nih.gov/v1/query?q=includedInDataCatalog.name:Human+Cell+Atlas+AND+_exists_:spatialCoverage
117	Human+Cell+Atlas	temporalCoverage	https://api-staging.data.niaid.nih.gov/v1/query?q=includedInDataCatalog.name:Human+Cell+Atlas+AND+_exists_:temporalCoverage
118	ImmPort	citation.pmid	https://api-staging.data.niaid.nih.gov/v1/query?q=includedInDataCatalog.name:ImmPort+AND+_exists_:citation.pmid
119	ImmPort	isBasisFor	https://api-staging.data.niaid.nih.gov/v1/query?q=includedInDataCatalog.name:ImmPort+AND+_exists_:isBasisFor
120	ImmPort	isPartOf	https://api-staging.data.niaid.nih.gov/v1/query?q=includedInDataCatalog.name:ImmPort+AND+_exists_:isPartOf
121	ImmPort	hasPart	https://api-staging.data.niaid.nih.gov/v1/query?q=includedInDataCatalog.name:ImmPort+AND+_exists_:hasPart
122	ImmPort	isRelatedTo	https://api-staging.data.niaid.nih.gov/v1/query?q=includedInDataCatalog.name:ImmPort+AND+_exists_:isRelatedTo
123	ImmPort	spatialCoverage	https://api-staging.data.niaid.nih.gov/v1/query?q=includedInDataCatalog.name:ImmPort+AND+_exists_:spatialCoverage
124	ImmPort	temporalCoverage	https://api-staging.data.niaid.nih.gov/v1/query?q=includedInDataCatalog.name:ImmPort+AND+_exists_:temporalCoverage
125	ImmuneSpace	citation.pmid	https://api-staging.data.niaid.nih.gov/v1/query?q=includedInDataCatalog.name:ImmuneSpace+AND+_exists_:citation.pmid
126	ImmuneSpace	isBasisFor	https://api-staging.data.niaid.nih.gov/v1/query?q=includedInDataCatalog.name:ImmuneSpace+AND+_exists_:isBasisFor
127	ImmuneSpace	isPartOf	https://api-staging.data.niaid.nih.gov/v1/query?q=includedInDataCatalog.name:ImmuneSpace+AND+_exists_:isPartOf
128	ImmuneSpace	hasPart	https://api-staging.data.niaid.nih.gov/v1/query?q=includedInDataCatalog.name:ImmuneSpace+AND+_exists_:hasPart
129	ImmuneSpace	isRelatedTo	https://api-staging.data.niaid.nih.gov/v1/query?q=includedInDataCatalog.name:ImmuneSpace+AND+_exists_:isRelatedTo
130	ImmuneSpace	spatialCoverage	https://api-staging.data.niaid.nih.gov/v1/query?q=includedInDataCatalog.name:ImmuneSpace+AND+_exists_:spatialCoverage
131	ImmuneSpace	temporalCoverage	https://api-staging.data.niaid.nih.gov/v1/query?q=includedInDataCatalog.name:ImmuneSpace+AND+_exists_:temporalCoverage
132	LINCS	infectiousAgent.name	https://api-staging.data.niaid.nih.gov/v1/query?q=includedInDataCatalog.name:LINCS+AND+_exists_:infectiousAgent.name
133	LINCS	citation.pmid	https://api-staging.data.niaid.nih.gov/v1/query?q=includedInDataCatalog.name:LINCS+AND+_exists_:citation.pmid
134	LINCS	citedBy	https://api-staging.data.niaid.nih.gov/v1/query?q=includedInDataCatalog.name:LINCS+AND+_exists_:citedBy
135	LINCS	isBasisFor	https://api-staging.data.niaid.nih.gov/v1/query?q=includedInDataCatalog.name:LINCS+AND+_exists_:isBasisFor
136	LINCS	isPartOf	https://api-staging.data.niaid.nih.gov/v1/query?q=includedInDataCatalog.name:LINCS+AND+_exists_:isPartOf
137	LINCS	hasPart	https://api-staging.data.niaid.nih.gov/v1/query?q=includedInDataCatalog.name:LINCS+AND+_exists_:hasPart
138	LINCS	spatialCoverage	https://api-staging.data.niaid.nih.gov/v1/query?q=includedInDataCatalog.name:LINCS+AND+_exists_:spatialCoverage
139	LINCS	temporalCoverage	https://api-staging.data.niaid.nih.gov/v1/query?q=includedInDataCatalog.name:LINCS+AND+_exists_:temporalCoverage
140	MalariaGEN	topicCategory.name	https://api-staging.data.niaid.nih.gov/v1/query?q=includedInDataCatalog.name:MalariaGEN+AND+_exists_:topicCategory.name
141	MalariaGEN	measurementTechnique.name	https://api-staging.data.niaid.nih.gov/v1/query?q=includedInDataCatalog.name:MalariaGEN+AND+_exists_:measurementTechnique.name
142	MalariaGEN	citation.pmid	https://api-staging.data.niaid.nih.gov/v1/query?q=includedInDataCatalog.name:MalariaGEN+AND+_exists_:citation.pmid
143	MalariaGEN	funding.funder.name	https://api-staging.data.niaid.nih.gov/v1/query?q=includedInDataCatalog.name:MalariaGEN+AND+_exists_:funding.funder.name
144	MalariaGEN	citedBy	https://api-staging.data.niaid.nih.gov/v1/query?q=includedInDataCatalog.name:MalariaGEN+AND+_exists_:citedBy
145	MalariaGEN	isBasedOn	https://api-staging.data.niaid.nih.gov/v1/query?q=includedInDataCatalog.name:MalariaGEN+AND+_exists_:isBasedOn
146	MalariaGEN	isBasisFor	https://api-staging.data.niaid.nih.gov/v1/query?q=includedInDataCatalog.name:MalariaGEN+AND+_exists_:isBasisFor
147	MalariaGEN	hasPart	https://api-staging.data.niaid.nih.gov/v1/query?q=includedInDataCatalog.name:MalariaGEN+AND+_exists_:hasPart
148	MalariaGEN	isRelatedTo	https://api-staging.data.niaid.nih.gov/v1/query?q=includedInDataCatalog.name:MalariaGEN+AND+_exists_:isRelatedTo
149	MalariaGEN	spatialCoverage	https://api-staging.data.niaid.nih.gov/v1/query?q=includedInDataCatalog.name:MalariaGEN+AND+_exists_:spatialCoverage
150	MalariaGEN	temporalCoverage	https://api-staging.data.niaid.nih.gov/v1/query?q=includedInDataCatalog.name:MalariaGEN+AND+_exists_:temporalCoverage
151	MassIVE	citation.pmid	https://api-staging.data.niaid.nih.gov/v1/query?q=includedInDataCatalog.name:MassIVE+AND+_exists_:citation.pmid
152	MassIVE	citedBy	https://api-staging.data.niaid.nih.gov/v1/query?q=includedInDataCatalog.name:MassIVE+AND+_exists_:citedBy
153	MassIVE	isBasedOn	https://api-staging.data.niaid.nih.gov/v1/query?q=includedInDataCatalog.name:MassIVE+AND+_exists_:isBasedOn
154	MassIVE	isBasisFor	https://api-staging.data.niaid.nih.gov/v1/query?q=includedInDataCatalog.name:MassIVE+AND+_exists_:isBasisFor
155	MassIVE	isPartOf	https://api-staging.data.niaid.nih.gov/v1/query?q=includedInDataCatalog.name:MassIVE+AND+_exists_:isPartOf
156	MassIVE	hasPart	https://api-staging.data.niaid.nih.gov/v1/query?q=includedInDataCatalog.name:MassIVE+AND+_exists_:hasPart
157	MassIVE	isRelatedTo	https://api-staging.data.niaid.nih.gov/v1/query?q=includedInDataCatalog.name:MassIVE+AND+_exists_:isRelatedTo
158	MassIVE	spatialCoverage	https://api-staging.data.niaid.nih.gov/v1/query?q=includedInDataCatalog.name:MassIVE+AND+_exists_:spatialCoverage
159	MassIVE	temporalCoverage	https://api-staging.data.niaid.nih.gov/v1/query?q=includedInDataCatalog.name:MassIVE+AND+_exists_:temporalCoverage
160	Mendeley	measurementTechnique.name	https://api-staging.data.niaid.nih.gov/v1/query?q=includedInDataCatalog.name:Mendeley+AND+_exists_:measurementTechnique.name
161	Mendeley	citedBy	https://api-staging.data.niaid.nih.gov/v1/query?q=includedInDataCatalog.name:Mendeley+AND+_exists_:citedBy
162	Mendeley	isBasedOn	https://api-staging.data.niaid.nih.gov/v1/query?q=includedInDataCatalog.name:Mendeley+AND+_exists_:isBasedOn
163	Mendeley	isBasisFor	https://api-staging.data.niaid.nih.gov/v1/query?q=includedInDataCatalog.name:Mendeley+AND+_exists_:isBasisFor
164	Mendeley	isPartOf	https://api-staging.data.niaid.nih.gov/v1/query?q=includedInDataCatalog.name:Mendeley+AND+_exists_:isPartOf
165	Mendeley	hasPart	https://api-staging.data.niaid.nih.gov/v1/query?q=includedInDataCatalog.name:Mendeley+AND+_exists_:hasPart
166	Mendeley	isRelatedTo	https://api-staging.data.niaid.nih.gov/v1/query?q=includedInDataCatalog.name:Mendeley+AND+_exists_:isRelatedTo
167	Mendeley	spatialCoverage	https://api-staging.data.niaid.nih.gov/v1/query?q=includedInDataCatalog.name:Mendeley+AND+_exists_:spatialCoverage
168	Mendeley	temporalCoverage	https://api-staging.data.niaid.nih.gov/v1/query?q=includedInDataCatalog.name:Mendeley+AND+_exists_:temporalCoverage
169	MicrobiomeDB	topicCategory.name	https://api-staging.data.niaid.nih.gov/v1/query?q=includedInDataCatalog.name:MicrobiomeDB+AND+_exists_:topicCategory.name
170	MicrobiomeDB	measurementTechnique.name	https://api-staging.data.niaid.nih.gov/v1/query?q=includedInDataCatalog.name:MicrobiomeDB+AND+_exists_:measurementTechnique.name
171	MicrobiomeDB	citedBy	https://api-staging.data.niaid.nih.gov/v1/query?q=includedInDataCatalog.name:MicrobiomeDB+AND+_exists_:citedBy
172	MicrobiomeDB	isBasedOn	https://api-staging.data.niaid.nih.gov/v1/query?q=includedInDataCatalog.name:MicrobiomeDB+AND+_exists_:isBasedOn
173	MicrobiomeDB	isBasisFor	https://api-staging.data.niaid.nih.gov/v1/query?q=includedInDataCatalog.name:MicrobiomeDB+AND+_exists_:isBasisFor
174	MicrobiomeDB	hasPart	https://api-staging.data.niaid.nih.gov/v1/query?q=includedInDataCatalog.name:MicrobiomeDB+AND+_exists_:hasPart
175	MicrobiomeDB	spatialCoverage	https://api-staging.data.niaid.nih.gov/v1/query?q=includedInDataCatalog.name:MicrobiomeDB+AND+_exists_:spatialCoverage
176	MicrobiomeDB	temporalCoverage	https://api-staging.data.niaid.nih.gov/v1/query?q=includedInDataCatalog.name:MicrobiomeDB+AND+_exists_:temporalCoverage
177	NCBI+BioProject	infectiousAgent.name	https://api-staging.data.niaid.nih.gov/v1/query?q=includedInDataCatalog.name:NCBI+BioProject+AND+_exists_:infectiousAgent.name
178	NCBI+BioProject	species.name	https://api-staging.data.niaid.nih.gov/v1/query?q=includedInDataCatalog.name:NCBI+BioProject+AND+_exists_:species.name
179	NCBI+BioProject	topicCategory.name	https://api-staging.data.niaid.nih.gov/v1/query?q=includedInDataCatalog.name:NCBI+BioProject+AND+_exists_:topicCategory.name
180	NCBI+BioProject	measurementTechnique.name	https://api-staging.data.niaid.nih.gov/v1/query?q=includedInDataCatalog.name:NCBI+BioProject+AND+_exists_:measurementTechnique.name
181	NCBI+BioProject	citation.pmid	https://api-staging.data.niaid.nih.gov/v1/query?q=includedInDataCatalog.name:NCBI+BioProject+AND+_exists_:citation.pmid
182	NCBI+BioProject	funding.funder.name	https://api-staging.data.niaid.nih.gov/v1/query?q=includedInDataCatalog.name:NCBI+BioProject+AND+_exists_:funding.funder.name
183	NCBI+BioProject	citedBy	https://api-staging.data.niaid.nih.gov/v1/query?q=includedInDataCatalog.name:NCBI+BioProject+AND+_exists_:citedBy
184	NCBI+BioProject	isBasedOn	https://api-staging.data.niaid.nih.gov/v1/query?q=includedInDataCatalog.name:NCBI+BioProject+AND+_exists_:isBasedOn
185	NCBI+BioProject	isBasisFor	https://api-staging.data.niaid.nih.gov/v1/query?q=includedInDataCatalog.name:NCBI+BioProject+AND+_exists_:isBasisFor
186	NCBI+BioProject	isPartOf	https://api-staging.data.niaid.nih.gov/v1/query?q=includedInDataCatalog.name:NCBI+BioProject+AND+_exists_:isPartOf
187	NCBI+BioProject	hasPart	https://api-staging.data.niaid.nih.gov/v1/query?q=includedInDataCatalog.name:NCBI+BioProject+AND+_exists_:hasPart
188	NCBI+BioProject	isRelatedTo	https://api-staging.data.niaid.nih.gov/v1/query?q=includedInDataCatalog.name:NCBI+BioProject+AND+_exists_:isRelatedTo
189	NCBI+BioProject	spatialCoverage	https://api-staging.data.niaid.nih.gov/v1/query?q=includedInDataCatalog.name:NCBI+BioProject+AND+_exists_:spatialCoverage
190	NCBI+BioProject	temporalCoverage	https://api-staging.data.niaid.nih.gov/v1/query?q=includedInDataCatalog.name:NCBI+BioProject+AND+_exists_:temporalCoverage
191	NCBI+GEO	infectiousAgent.name	https://api-staging.data.niaid.nih.gov/v1/query?q=includedInDataCatalog.name:NCBI+GEO+AND+_exists_:infectiousAgent.name
192	NCBI+GEO	species.name	https://api-staging.data.niaid.nih.gov/v1/query?q=includedInDataCatalog.name:NCBI+GEO+AND+_exists_:species.name
193	NCBI+GEO	topicCategory.name	https://api-staging.data.niaid.nih.gov/v1/query?q=includedInDataCatalog.name:NCBI+GEO+AND+_exists_:topicCategory.name
194	NCBI+GEO	measurementTechnique.name	https://api-staging.data.niaid.nih.gov/v1/query?q=includedInDataCatalog.name:NCBI+GEO+AND+_exists_:measurementTechnique.name
195	NCBI+GEO	citation.pmid	https://api-staging.data.niaid.nih.gov/v1/query?q=includedInDataCatalog.name:NCBI+GEO+AND+_exists_:citation.pmid
196	NCBI+GEO	funding.funder.name	https://api-staging.data.niaid.nih.gov/v1/query?q=includedInDataCatalog.name:NCBI+GEO+AND+_exists_:funding.funder.name
197	NCBI+GEO	citedBy	https://api-staging.data.niaid.nih.gov/v1/query?q=includedInDataCatalog.name:NCBI+GEO+AND+_exists_:citedBy
198	NCBI+GEO	isBasedOn	https://api-staging.data.niaid.nih.gov/v1/query?q=includedInDataCatalog.name:NCBI+GEO+AND+_exists_:isBasedOn
199	NCBI+GEO	isBasisFor	https://api-staging.data.niaid.nih.gov/v1/query?q=includedInDataCatalog.name:NCBI+GEO+AND+_exists_:isBasisFor
200	NCBI+GEO	isPartOf	https://api-staging.data.niaid.nih.gov/v1/query?q=includedInDataCatalog.name:NCBI+GEO+AND+_exists_:isPartOf
201	NCBI+GEO	hasPart	https://api-staging.data.niaid.nih.gov/v1/query?q=includedInDataCatalog.name:NCBI+GEO+AND+_exists_:hasPart
202	NCBI+GEO	isRelatedTo	https://api-staging.data.niaid.nih.gov/v1/query?q=includedInDataCatalog.name:NCBI+GEO+AND+_exists_:isRelatedTo
203	NCBI+GEO	spatialCoverage	https://api-staging.data.niaid.nih.gov/v1/query?q=includedInDataCatalog.name:NCBI+GEO+AND+_exists_:spatialCoverage
204	NCBI+GEO	temporalCoverage	https://api-staging.data.niaid.nih.gov/v1/query?q=includedInDataCatalog.name:NCBI+GEO+AND+_exists_:temporalCoverage
205	NCBI+SRA	infectiousAgent.name	https://api-staging.data.niaid.nih.gov/v1/query?q=includedInDataCatalog.name:NCBI+SRA+AND+_exists_:infectiousAgent.name
206	NCBI+SRA	species.name	https://api-staging.data.niaid.nih.gov/v1/query?q=includedInDataCatalog.name:NCBI+SRA+AND+_exists_:species.name
207	NCBI+SRA	topicCategory.name	https://api-staging.data.niaid.nih.gov/v1/query?q=includedInDataCatalog.name:NCBI+SRA+AND+_exists_:topicCategory.name
208	NCBI+SRA	measurementTechnique.name	https://api-staging.data.niaid.nih.gov/v1/query?q=includedInDataCatalog.name:NCBI+SRA+AND+_exists_:measurementTechnique.name
209	NCBI+SRA	citation.pmid	https://api-staging.data.niaid.nih.gov/v1/query?q=includedInDataCatalog.name:NCBI+SRA+AND+_exists_:citation.pmid
210	NCBI+SRA	funding.funder.name	https://api-staging.data.niaid.nih.gov/v1/query?q=includedInDataCatalog.name:NCBI+SRA+AND+_exists_:funding.funder.name
211	NCBI+SRA	citedBy	https://api-staging.data.niaid.nih.gov/v1/query?q=includedInDataCatalog.name:NCBI+SRA+AND+_exists_:citedBy
212	NCBI+SRA	isBasedOn	https://api-staging.data.niaid.nih.gov/v1/query?q=includedInDataCatalog.name:NCBI+SRA+AND+_exists_:isBasedOn
213	NCBI+SRA	isBasisFor	https://api-staging.data.niaid.nih.gov/v1/query?q=includedInDataCatalog.name:NCBI+SRA+AND+_exists_:isBasisFor
214	NCBI+SRA	isPartOf	https://api-staging.data.niaid.nih.gov/v1/query?q=includedInDataCatalog.name:NCBI+SRA+AND+_exists_:isPartOf
215	NCBI+SRA	hasPart	https://api-staging.data.niaid.nih.gov/v1/query?q=includedInDataCatalog.name:NCBI+SRA+AND+_exists_:hasPart
216	NCBI+SRA	isRelatedTo	https://api-staging.data.niaid.nih.gov/v1/query?q=includedInDataCatalog.name:NCBI+SRA+AND+_exists_:isRelatedTo
217	NCBI+SRA	spatialCoverage	https://api-staging.data.niaid.nih.gov/v1/query?q=includedInDataCatalog.name:NCBI+SRA+AND+_exists_:spatialCoverage
218	NCBI+SRA	temporalCoverage	https://api-staging.data.niaid.nih.gov/v1/query?q=includedInDataCatalog.name:NCBI+SRA+AND+_exists_:temporalCoverage
219	NDEx	citedBy	https://api-staging.data.niaid.nih.gov/v1/query?q=includedInDataCatalog.name:NDEx+AND+_exists_:citedBy
220	NDEx	isBasisFor	https://api-staging.data.niaid.nih.gov/v1/query?q=includedInDataCatalog.name:NDEx+AND+_exists_:isBasisFor
221	NDEx	isPartOf	https://api-staging.data.niaid.nih.gov/v1/query?q=includedInDataCatalog.name:NDEx+AND+_exists_:isPartOf
222	NDEx	hasPart	https://api-staging.data.niaid.nih.gov/v1/query?q=includedInDataCatalog.name:NDEx+AND+_exists_:hasPart
223	NDEx	spatialCoverage	https://api-staging.data.niaid.nih.gov/v1/query?q=includedInDataCatalog.name:NDEx+AND+_exists_:spatialCoverage
224	NDEx	temporalCoverage	https://api-staging.data.niaid.nih.gov/v1/query?q=includedInDataCatalog.name:NDEx+AND+_exists_:temporalCoverage
225	NICHD+DASH	infectiousAgent.name	https://api-staging.data.niaid.nih.gov/v1/query?q=includedInDataCatalog.name:NICHD+DASH+AND+_exists_:infectiousAgent.name
226	NICHD+DASH	species.name	https://api-staging.data.niaid.nih.gov/v1/query?q=includedInDataCatalog.name:NICHD+DASH+AND+_exists_:species.name
227	NICHD+DASH	topicCategory.name	https://api-staging.data.niaid.nih.gov/v1/query?q=includedInDataCatalog.name:NICHD+DASH+AND+_exists_:topicCategory.name
228	NICHD+DASH	measurementTechnique.name	https://api-staging.data.niaid.nih.gov/v1/query?q=includedInDataCatalog.name:NICHD+DASH+AND+_exists_:measurementTechnique.name
229	NICHD+DASH	citation.pmid	https://api-staging.data.niaid.nih.gov/v1/query?q=includedInDataCatalog.name:NICHD+DASH+AND+_exists_:citation.pmid
230	NICHD+DASH	funding.funder.name	https://api-staging.data.niaid.nih.gov/v1/query?q=includedInDataCatalog.name:NICHD+DASH+AND+_exists_:funding.funder.name
231	NICHD+DASH	citedBy	https://api-staging.data.niaid.nih.gov/v1/query?q=includedInDataCatalog.name:NICHD+DASH+AND+_exists_:citedBy
232	NICHD+DASH	isBasedOn	https://api-staging.data.niaid.nih.gov/v1/query?q=includedInDataCatalog.name:NICHD+DASH+AND+_exists_:isBasedOn
233	NICHD+DASH	isBasisFor	https://api-staging.data.niaid.nih.gov/v1/query?q=includedInDataCatalog.name:NICHD+DASH+AND+_exists_:isBasisFor
234	NICHD+DASH	isPartOf	https://api-staging.data.niaid.nih.gov/v1/query?q=includedInDataCatalog.name:NICHD+DASH+AND+_exists_:isPartOf
235	NICHD+DASH	hasPart	https://api-staging.data.niaid.nih.gov/v1/query?q=includedInDataCatalog.name:NICHD+DASH+AND+_exists_:hasPart
236	NICHD+DASH	isRelatedTo	https://api-staging.data.niaid.nih.gov/v1/query?q=includedInDataCatalog.name:NICHD+DASH+AND+_exists_:isRelatedTo
237	NICHD+DASH	spatialCoverage	https://api-staging.data.niaid.nih.gov/v1/query?q=includedInDataCatalog.name:NICHD+DASH+AND+_exists_:spatialCoverage
238	NICHD+DASH	temporalCoverage	https://api-staging.data.niaid.nih.gov/v1/query?q=includedInDataCatalog.name:NICHD+DASH+AND+_exists_:temporalCoverage
239	Omics+Discovery+Index+(OmicsDI)	infectiousAgent.name	https://api-staging.data.niaid.nih.gov/v1/query?q=includedInDataCatalog.name:Omics+Discovery+Index+(OmicsDI)+AND+_exists_:infectiousAgent.name
240	Omics+Discovery+Index+(OmicsDI)	species.name	https://api-staging.data.niaid.nih.gov/v1/query?q=includedInDataCatalog.name:Omics+Discovery+Index+(OmicsDI)+AND+_exists_:species.name
241	Omics+Discovery+Index+(OmicsDI)	topicCategory.name	https://api-staging.data.niaid.nih.gov/v1/query?q=includedInDataCatalog.name:Omics+Discovery+Index+(OmicsDI)+AND+_exists_:topicCategory.name
242	Omics+Discovery+Index+(OmicsDI)	measurementTechnique.name	https://api-staging.data.niaid.nih.gov/v1/query?q=includedInDataCatalog.name:Omics+Discovery+Index+(OmicsDI)+AND+_exists_:measurementTechnique.name
243	Omics+Discovery+Index+(OmicsDI)	citation.pmid	https://api-staging.data.niaid.nih.gov/v1/query?q=includedInDataCatalog.name:Omics+Discovery+Index+(OmicsDI)+AND+_exists_:citation.pmid
244	Omics+Discovery+Index+(OmicsDI)	funding.funder.name	https://api-staging.data.niaid.nih.gov/v1/query?q=includedInDataCatalog.name:Omics+Discovery+Index+(OmicsDI)+AND+_exists_:funding.funder.name
245	Omics+Discovery+Index+(OmicsDI)	citedBy	https://api-staging.data.niaid.nih.gov/v1/query?q=includedInDataCatalog.name:Omics+Discovery+Index+(OmicsDI)+AND+_exists_:citedBy
246	Omics+Discovery+Index+(OmicsDI)	isBasedOn	https://api-staging.data.niaid.nih.gov/v1/query?q=includedInDataCatalog.name:Omics+Discovery+Index+(OmicsDI)+AND+_exists_:isBasedOn
247	Omics+Discovery+Index+(OmicsDI)	isBasisFor	https://api-staging.data.niaid.nih.gov/v1/query?q=includedInDataCatalog.name:Omics+Discovery+Index+(OmicsDI)+AND+_exists_:isBasisFor
248	Omics+Discovery+Index+(OmicsDI)	isPartOf	https://api-staging.data.niaid.nih.gov/v1/query?q=includedInDataCatalog.name:Omics+Discovery+Index+(OmicsDI)+AND+_exists_:isPartOf
249	Omics+Discovery+Index+(OmicsDI)	hasPart	https://api-staging.data.niaid.nih.gov/v1/query?q=includedInDataCatalog.name:Omics+Discovery+Index+(OmicsDI)+AND+_exists_:hasPart
250	Omics+Discovery+Index+(OmicsDI)	isRelatedTo	https://api-staging.data.niaid.nih.gov/v1/query?q=includedInDataCatalog.name:Omics+Discovery+Index+(OmicsDI)+AND+_exists_:isRelatedTo
251	Omics+Discovery+Index+(OmicsDI)	spatialCoverage	https://api-staging.data.niaid.nih.gov/v1/query?q=includedInDataCatalog.name:Omics+Discovery+Index+(OmicsDI)+AND+_exists_:spatialCoverage
252	Omics+Discovery+Index+(OmicsDI)	temporalCoverage	https://api-staging.data.niaid.nih.gov/v1/query?q=includedInDataCatalog.name:Omics+Discovery+Index+(OmicsDI)+AND+_exists_:temporalCoverage
253	Qiita	measurementTechnique.name	https://api-staging.data.niaid.nih.gov/v1/query?q=includedInDataCatalog.name:Qiita+AND+_exists_:measurementTechnique.name
254	Qiita	citedBy	https://api-staging.data.niaid.nih.gov/v1/query?q=includedInDataCatalog.name:Qiita+AND+_exists_:citedBy
255	Qiita	isBasedOn	https://api-staging.data.niaid.nih.gov/v1/query?q=includedInDataCatalog.name:Qiita+AND+_exists_:isBasedOn
256	Qiita	isBasisFor	https://api-staging.data.niaid.nih.gov/v1/query?q=includedInDataCatalog.name:Qiita+AND+_exists_:isBasisFor
257	Qiita	isPartOf	https://api-staging.data.niaid.nih.gov/v1/query?q=includedInDataCatalog.name:Qiita+AND+_exists_:isPartOf
258	Qiita	hasPart	https://api-staging.data.niaid.nih.gov/v1/query?q=includedInDataCatalog.name:Qiita+AND+_exists_:hasPart
259	Qiita	isRelatedTo	https://api-staging.data.niaid.nih.gov/v1/query?q=includedInDataCatalog.name:Qiita+AND+_exists_:isRelatedTo
260	Qiita	spatialCoverage	https://api-staging.data.niaid.nih.gov/v1/query?q=includedInDataCatalog.name:Qiita+AND+_exists_:spatialCoverage
261	Qiita	temporalCoverage	https://api-staging.data.niaid.nih.gov/v1/query?q=includedInDataCatalog.name:Qiita+AND+_exists_:temporalCoverage
262	RADx+Data+Hub	infectiousAgent.name	https://api-staging.data.niaid.nih.gov/v1/query?q=includedInDataCatalog.name:RADx+Data+Hub+AND+_exists_:infectiousAgent.name
263	RADx+Data+Hub	species.name	https://api-staging.data.niaid.nih.gov/v1/query?q=includedInDataCatalog.name:RADx+Data+Hub+AND+_exists_:species.name
264	RADx+Data+Hub	topicCategory.name	https://api-staging.data.niaid.nih.gov/v1/query?q=includedInDataCatalog.name:RADx+Data+Hub+AND+_exists_:topicCategory.name
265	RADx+Data+Hub	measurementTechnique.name	https://api-staging.data.niaid.nih.gov/v1/query?q=includedInDataCatalog.name:RADx+Data+Hub+AND+_exists_:measurementTechnique.name
266	RADx+Data+Hub	citation.pmid	https://api-staging.data.niaid.nih.gov/v1/query?q=includedInDataCatalog.name:RADx+Data+Hub+AND+_exists_:citation.pmid
267	RADx+Data+Hub	funding.funder.name	https://api-staging.data.niaid.nih.gov/v1/query?q=includedInDataCatalog.name:RADx+Data+Hub+AND+_exists_:funding.funder.name
268	RADx+Data+Hub	citedBy	https://api-staging.data.niaid.nih.gov/v1/query?q=includedInDataCatalog.name:RADx+Data+Hub+AND+_exists_:citedBy
269	RADx+Data+Hub	isBasedOn	https://api-staging.data.niaid.nih.gov/v1/query?q=includedInDataCatalog.name:RADx+Data+Hub+AND+_exists_:isBasedOn
270	RADx+Data+Hub	isBasisFor	https://api-staging.data.niaid.nih.gov/v1/query?q=includedInDataCatalog.name:RADx+Data+Hub+AND+_exists_:isBasisFor
271	RADx+Data+Hub	isPartOf	https://api-staging.data.niaid.nih.gov/v1/query?q=includedInDataCatalog.name:RADx+Data+Hub+AND+_exists_:isPartOf
272	RADx+Data+Hub	hasPart	https://api-staging.data.niaid.nih.gov/v1/query?q=includedInDataCatalog.name:RADx+Data+Hub+AND+_exists_:hasPart
273	RADx+Data+Hub	isRelatedTo	https://api-staging.data.niaid.nih.gov/v1/query?q=includedInDataCatalog.name:RADx+Data+Hub+AND+_exists_:isRelatedTo
274	RADx+Data+Hub	spatialCoverage	https://api-staging.data.niaid.nih.gov/v1/query?q=includedInDataCatalog.name:RADx+Data+Hub+AND+_exists_:spatialCoverage
275	RADx+Data+Hub	temporalCoverage	https://api-staging.data.niaid.nih.gov/v1/query?q=includedInDataCatalog.name:RADx+Data+Hub+AND+_exists_:temporalCoverage
276	ReframeDB	citedBy	https://api-staging.data.niaid.nih.gov/v1/query?q=includedInDataCatalog.name:ReframeDB+AND+_exists_:citedBy
277	ReframeDB	isBasedOn	https://api-staging.data.niaid.nih.gov/v1/query?q=includedInDataCatalog.name:ReframeDB+AND+_exists_:isBasedOn
278	ReframeDB	isBasisFor	https://api-staging.data.niaid.nih.gov/v1/query?q=includedInDataCatalog.name:ReframeDB+AND+_exists_:isBasisFor
279	ReframeDB	isPartOf	https://api-staging.data.niaid.nih.gov/v1/query?q=includedInDataCatalog.name:ReframeDB+AND+_exists_:isPartOf
280	ReframeDB	hasPart	https://api-staging.data.niaid.nih.gov/v1/query?q=includedInDataCatalog.name:ReframeDB+AND+_exists_:hasPart
281	ReframeDB	isRelatedTo	https://api-staging.data.niaid.nih.gov/v1/query?q=includedInDataCatalog.name:ReframeDB+AND+_exists_:isRelatedTo
282	ReframeDB	spatialCoverage	https://api-staging.data.niaid.nih.gov/v1/query?q=includedInDataCatalog.name:ReframeDB+AND+_exists_:spatialCoverage
283	ReframeDB	temporalCoverage	https://api-staging.data.niaid.nih.gov/v1/query?q=includedInDataCatalog.name:ReframeDB+AND+_exists_:temporalCoverage
284	The+Database+of+Genotypes+and+Phenotypes	infectiousAgent.name	https://api-staging.data.niaid.nih.gov/v1/query?q=includedInDataCatalog.name:The+Database+of+Genotypes+and+Phenotypes+AND+_exists_:infectiousAgent.name
285	The+Database+of+Genotypes+and+Phenotypes	species.name	https://api-staging.data.niaid.nih.gov/v1/query?q=includedInDataCatalog.name:The+Database+of+Genotypes+and+Phenotypes+AND+_exists_:species.name
286	The+Database+of+Genotypes+and+Phenotypes	topicCategory.name	https://api-staging.data.niaid.nih.gov/v1/query?q=includedInDataCatalog.name:The+Database+of+Genotypes+and+Phenotypes+AND+_exists_:topicCategory.name
287	The+Database+of+Genotypes+and+Phenotypes	measurementTechnique.name	https://api-staging.data.niaid.nih.gov/v1/query?q=includedInDataCatalog.name:The+Database+of+Genotypes+and+Phenotypes+AND+_exists_:measurementTechnique.name
288	The+Database+of+Genotypes+and+Phenotypes	citation.pmid	https://api-staging.data.niaid.nih.gov/v1/query?q=includedInDataCatalog.name:The+Database+of+Genotypes+and+Phenotypes+AND+_exists_:citation.pmid
289	The+Database+of+Genotypes+and+Phenotypes	funding.funder.name	https://api-staging.data.niaid.nih.gov/v1/query?q=includedInDataCatalog.name:The+Database+of+Genotypes+and+Phenotypes+AND+_exists_:funding.funder.name
290	The+Database+of+Genotypes+and+Phenotypes	citedBy	https://api-staging.data.niaid.nih.gov/v1/query?q=includedInDataCatalog.name:The+Database+of+Genotypes+and+Phenotypes+AND+_exists_:citedBy
291	The+Database+of+Genotypes+and+Phenotypes	isBasedOn	https://api-staging.data.niaid.nih.gov/v1/query?q=includedInDataCatalog.name:The+Database+of+Genotypes+and+Phenotypes+AND+_exists_:isBasedOn
292	The+Database+of+Genotypes+and+Phenotypes	isBasisFor	https://api-staging.data.niaid.nih.gov/v1/query?q=includedInDataCatalog.name:The+Database+of+Genotypes+and+Phenotypes+AND+_exists_:isBasisFor
293	The+Database+of+Genotypes+and+Phenotypes	isPartOf	https://api-staging.data.niaid.nih.gov/v1/query?q=includedInDataCatalog.name:The+Database+of+Genotypes+and+Phenotypes+AND+_exists_:isPartOf
294	The+Database+of+Genotypes+and+Phenotypes	hasPart	https://api-staging.data.niaid.nih.gov/v1/query?q=includedInDataCatalog.name:The+Database+of+Genotypes+and+Phenotypes+AND+_exists_:hasPart
295	The+Database+of+Genotypes+and+Phenotypes	isRelatedTo	https://api-staging.data.niaid.nih.gov/v1/query?q=includedInDataCatalog.name:The+Database+of+Genotypes+and+Phenotypes+AND+_exists_:isRelatedTo
296	The+Database+of+Genotypes+and+Phenotypes	spatialCoverage	https://api-staging.data.niaid.nih.gov/v1/query?q=includedInDataCatalog.name:The+Database+of+Genotypes+and+Phenotypes+AND+_exists_:spatialCoverage
297	The+Database+of+Genotypes+and+Phenotypes	temporalCoverage	https://api-staging.data.niaid.nih.gov/v1/query?q=includedInDataCatalog.name:The+Database+of+Genotypes+and+Phenotypes+AND+_exists_:temporalCoverage
298	VDJServer	infectiousAgent.name	https://api-staging.data.niaid.nih.gov/v1/query?q=includedInDataCatalog.name:VDJServer+AND+_exists_:infectiousAgent.name
299	VDJServer	citedBy	https://api-staging.data.niaid.nih.gov/v1/query?q=includedInDataCatalog.name:VDJServer+AND+_exists_:citedBy
300	VDJServer	isBasedOn	https://api-staging.data.niaid.nih.gov/v1/query?q=includedInDataCatalog.name:VDJServer+AND+_exists_:isBasedOn
301	VDJServer	isBasisFor	https://api-staging.data.niaid.nih.gov/v1/query?q=includedInDataCatalog.name:VDJServer+AND+_exists_:isBasisFor
302	VDJServer	isPartOf	https://api-staging.data.niaid.nih.gov/v1/query?q=includedInDataCatalog.name:VDJServer+AND+_exists_:isPartOf
303	VDJServer	hasPart	https://api-staging.data.niaid.nih.gov/v1/query?q=includedInDataCatalog.name:VDJServer+AND+_exists_:hasPart
304	VDJServer	isRelatedTo	https://api-staging.data.niaid.nih.gov/v1/query?q=includedInDataCatalog.name:VDJServer+AND+_exists_:isRelatedTo
305	VDJServer	spatialCoverage	https://api-staging.data.niaid.nih.gov/v1/query?q=includedInDataCatalog.name:VDJServer+AND+_exists_:spatialCoverage
306	VDJServer	temporalCoverage	https://api-staging.data.niaid.nih.gov/v1/query?q=includedInDataCatalog.name:VDJServer+AND+_exists_:temporalCoverage
307	VEuPathDB	topicCategory.name	https://api-staging.data.niaid.nih.gov/v1/query?q=includedInDataCatalog.name:VEuPathDB+AND+_exists_:topicCategory.name
308	VEuPathDB	citedBy	https://api-staging.data.niaid.nih.gov/v1/query?q=includedInDataCatalog.name:VEuPathDB+AND+_exists_:citedBy
309	VEuPathDB	isBasedOn	https://api-staging.data.niaid.nih.gov/v1/query?q=includedInDataCatalog.name:VEuPathDB+AND+_exists_:isBasedOn
310	VEuPathDB	isBasisFor	https://api-staging.data.niaid.nih.gov/v1/query?q=includedInDataCatalog.name:VEuPathDB+AND+_exists_:isBasisFor
311	VEuPathDB	isPartOf	https://api-staging.data.niaid.nih.gov/v1/query?q=includedInDataCatalog.name:VEuPathDB+AND+_exists_:isPartOf
312	VEuPathDB	hasPart	https://api-staging.data.niaid.nih.gov/v1/query?q=includedInDataCatalog.name:VEuPathDB+AND+_exists_:hasPart
313	VEuPathDB	isRelatedTo	https://api-staging.data.niaid.nih.gov/v1/query?q=includedInDataCatalog.name:VEuPathDB+AND+_exists_:isRelatedTo
314	VEuPathDB	spatialCoverage	https://api-staging.data.niaid.nih.gov/v1/query?q=includedInDataCatalog.name:VEuPathDB+AND+_exists_:spatialCoverage
315	VEuPathDB	temporalCoverage	https://api-staging.data.niaid.nih.gov/v1/query?q=includedInDataCatalog.name:VEuPathDB+AND+_exists_:temporalCoverage
316	Vivli	citation.pmid	https://api-staging.data.niaid.nih.gov/v1/query?q=includedInDataCatalog.name:Vivli+AND+_exists_:citation.pmid
317	Vivli	citedBy	https://api-staging.data.niaid.nih.gov/v1/query?q=includedInDataCatalog.name:Vivli+AND+_exists_:citedBy
318	Vivli	isBasedOn	https://api-staging.data.niaid.nih.gov/v1/query?q=includedInDataCatalog.name:Vivli+AND+_exists_:isBasedOn
319	Vivli	isBasisFor	https://api-staging.data.niaid.nih.gov/v1/query?q=includedInDataCatalog.name:Vivli+AND+_exists_:isBasisFor
320	Vivli	isPartOf	https://api-staging.data.niaid.nih.gov/v1/query?q=includedInDataCatalog.name:Vivli+AND+_exists_:isPartOf
321	Vivli	hasPart	https://api-staging.data.niaid.nih.gov/v1/query?q=includedInDataCatalog.name:Vivli+AND+_exists_:hasPart
322	Vivli	isRelatedTo	https://api-staging.data.niaid.nih.gov/v1/query?q=includedInDataCatalog.name:Vivli+AND+_exists_:isRelatedTo
323	Zenodo	citation.pmid	https://api-staging.data.niaid.nih.gov/v1/query?q=includedInDataCatalog.name:Zenodo+AND+_exists_:citation.pmid
324	Zenodo	isBasisFor	https://api-staging.data.niaid.nih.gov/v1/query?q=includedInDataCatalog.name:Zenodo+AND+_exists_:isBasisFor
325	Zenodo	isPartOf	https://api-staging.data.niaid.nih.gov/v1/query?q=includedInDataCatalog.name:Zenodo+AND+_exists_:isPartOf
326	Zenodo	isRelatedTo	https://api-staging.data.niaid.nih.gov/v1/query?q=includedInDataCatalog.name:Zenodo+AND+_exists_:isRelatedTo
