Data Set,Data Set Version,Apollo,Contact,Contact institution,Release # and date,Build Number Introduced,Category,Data Set Name,dataset_id,Organism(s) (source or reference),Publications,Release Policy,Short Attribution,Summary,Type,Genes,,
<i>Toxoplasma gondii</i> COUG Genome Sequence and Annotation,11/7/2017,N/A,David Sibley,Washington University School of Medicine,"ToxoDB rel. 9.0, 2013-SEP-25",19,Genomes,tgonCOUG_primary_genome_RSRC,DS_01c6cee55d,<i>Toxoplasma gondii</i> COUG<br>,26738725,N/A,David Sibley,Genome sequence and annotation for <i>Toxoplasma gondii</i> strain COUG.,genome,10042,,
Genome-wide mapping of transcription initiation,Not Applicable,Apollo,Sebastian Lourido,Whitehead Institute for Biomedical Research,"ToxoDB rel. 50, 2020-DEC-17",50,"Sequence sites, features and motifs",tgonME49_Lourido_TSS_RSRC,DS_011c12b8d3,<i>Toxoplasma gondii</i> ME49<br>,33553008,N/A,Sebastian Lourido,"Strand-specific 5′-end RNA sequencing of <i>T. gondii</i> ME49 tachyzoites and alkaline-stress–induced bradyzoites, as well as RH tachyzoites.",unknown,N/A,,
Secretome of T gondii tachyzoites (RH) isolated from infected mice and the proteome of extracellular vesicles (exosomes and ectosomes).,8/18/2019,N/A,Ricardo Mondragón-Flores,Center for Research and Advanced Studies of the National Polytechnic Institute,"ToxoDB rel. 51, 2021-MAR-16",51,Protein expression,tgonGT1_massSpec_Ramirez_Vesicle_Peptide_RSRC,DS_04df8ee8b5,<i>Toxoplasma gondii</i> GT1<br>,31434009,N/A,Ramirez-Flores et al. 2019,"Proteomic analysis of the secretome of <i>Toxoplasma gondii</i> tachyzoites (RH) and the proteomic profile of the vesicles released. For the secretome, parasites were isolated from infected mice, purified, and secretions were collected. The complete secretion was analyzed by MS generating the secretome. In addition, a proteomic characterization was achieved in exosomes, ectosomes and the supernatant obtained by differential centrifugation of the secretory products.",protein_expression,N/A,,
Lytic cycle transcriptome map (scRNA-Seq),3/14/2024,Apollo,Kourosh Zarringhalam,"Department of Mathematics, University of Mass","ToxoDB rel. 68, 2024-MAY-07",68,scRNA-Seq,tgonME49_zarringhalam_cellcycle_rna_cellxgene_RSRC,DS_04e48c0e75,<i>Toxoplasma gondii</i> ME49<br>,N/A,N/A,Lou et al. 2023,Unbiased transcriptome map throughout the lytic cell cycle of <i>Toxoplasma gondii</i> determined by single cell RNA-Seq.,transcript_expression,N/A,,
Transcriptomes of virulent and avirulent N. caninum strains,9/9/2017,Apollo,L.M. Ortega-Mora,"SALUVET, Animal Health Department, Faculty of Veterinary Sciences, Complutense University of Madrid","ToxoDB rel. 43, 2019-APR-25",43,RNASeq,ncanLIV_Horcajo_bovine_infection_parasites_ebi_rnaSeq_RSRC,DS_072182c447,<i>Neospora caninum</i> Liverpool<br>,29154927,N/A,Horcajo et al.,Transcriptomes of virulent (Nc-Spain7) and avirulent (Nc-Spain1H) <i>N. caninum</i> strains,transcript_expression,N/A,,
RFLP genotypes of Brazilian isolates from birds for human consumption,11/10/2018,N/A,Ricardo Wagner Almeida Vitor,"Universidade Federal de Minas Gerais, Brazil","ToxoDB rel. 44, 2019-JUL-02",44,Genetic variation,StudyResult_Bird_RFLP_RSRC,DS_0bd5c9ce25,<br>,"29080759, 30479944",N/A,Rego et al.,"RFLP genotypes of <i>T. gondii</i> isolates from birds that were slaughtered for human consumption in the state of PiauíNortheast
ern Brazil.",results,N/A,,
"Mouse brain bradyzoite transcriptomes at 28, 90, 120 days post infection",7/11/2019,Apollo,Laura J. Knoll,"Medical Microbiology and Immunology, Unviersity of Wisconsin-Madison","ToxoDB rel. 46, 2019-NOV-06",46,RNASeq,tgonME49_Knoll_Mouse_Brain_ebi_rnaSeq_RSRC,DS_0d220fc0c6,<i>Toxoplasma gondii</i> ME49<br>,31726967,N/A,Garfoot et al.,"Transcriptome of bradyzoites from mouse brain cysts via RNA-Seq at 28, 90 and 120 days post-infection.",transcript_expression,N/A,,
<i>Eimeria maxima</i> Weybridge Genome Sequence and Annotation,11/5/2013,Apollo,Arnab Pain,King Abdullah University of Science and Technology,"ToxoDB rel. 49, 2020-NOV-05",21,Genomes,emaxWeybridge_primary_genome_RSRC,DS_10a90ed899,<i>Eimeria maxima</i> Weybridge<br>,N/A,N/A,Arnab Pain,<i>Eimeria maxima</i> Weybridge sequence and annotation,genome,6057,,
Genome-wide Histone H4(K5-K8-K12-K16) Acetylation sites,2/6/2009,Apollo,Mohamed-Ali Hakimi,"Team Host-pathogen interactions and immunity to infection, University of Grenoble Alpes, Inserm, CNRS, IAB, Grenoble, France","ToxoDB rel. 1.0, 01-JAN-05",0,ChIP chip,tgonME49_chipChipExper_Hakimi.Ali_RSRC,DS_10bf5b155d,<i>Toxoplasma gondii</i> ME49<br>,N/A,N/A,Mohamed-Ali Hakimi,"Histone acetylation sites in control or FR235222 treated 
    <i>Toxoplasma gondii</i> RH determined by ChIP-chip analysis assay",transcript_expression,N/A,,
Full life-cycle transcriptome of T. gondii,6/17/2022,Apollo,Adrian B. Hehl,"Institute of Parasitology, University of Zurich, Zurich, Switzerland","ToxoDB rel. 61, 2022-DEC-15",61,RNASeq,tgonME49_tgme49_spor_ocyst_rnaseq_ebi_rnaSeq_RSRC,DS_173528b522,<i>Toxoplasma gondii</i> ME49<br>,30728393,N/A,Ramakrishnan et al.,Next-Generation RNA-Sequencing was used to analyse the transcriptome of oocysts in strain CZ clone H3 in the process of sporulation and compared it to unsporulated and sporulated oocysts. This dataset has been combined with a previous dataset exploring transcription in feline enteroepithelial stages to create a full life-cycle transcriptome.,transcript_expression,N/A,,
"Chromatin Immunoprecipitation (TBP1 TBP2, RPB9, TgSET8)- Chromosome-wide binding sites",4/18/2011,Apollo,Mohamed-Ali Hakimi,"Team Host-pathogen interactions and immunity to infection, University of Grenoble Alpes, Inserm, CNRS, IAB, Grenoble, France","ToxoDB rel. 1.0, 01-JAN-05",0,ChIP chip,tgonME49_chipChipExper_Hakimi.Ali.2_RSRC,DS_1742c0cd90,<i>Toxoplasma gondii</i> ME49<br>,17562855,N/A,Mohamed-Ali Hakimi,"Chromatin binding sited of TBP1, TBP2, RPB9, TgSET8 determined 
    by ChIP-Chip analysis in T. gondii",transcript_expression,N/A,,
Tachyzoite Transcriptome Days 3 and 4,2010-07-15_gus4,Apollo,Adam J. Reid,"Wellcome/CRUK Gurdon Institute: Cambridge, GB","ToxoDB rel. 1.0, 01-JAN-05",0,RNASeq,ncanLIV_Reid_tachy_ebi_rnaSeq_RSRC,DS_17c82b3fbe,<i>Neospora caninum</i> Liverpool<br>,22457617,N/A,Reid et al.,"Transcriptomes of <i>T. gondii</i> VEG and <i>N. caninum</i> Liverpool 
tachyzoites determined by RNA-Seq.",transcript_expression,N/A,,
Toxoplasma phosphorylated proteins from infected cells (ME49 aligned),3/26/2019,Apollo,Michael Reese,N/A,"ToxoDB rel. 53, 2021-JUL-21",53,Protein expression,tgonME49_massSpec_Beraki_ME_Phospho_RSRC,DS_1871ed8e0c,<i>Toxoplasma gondii</i> ME49<br>,30850550,N/A,Beraki et al. 2019,Phosphoproteomes of the parental (WT) and RHΔwng1 strains using stable isotope labeling with amino acids in cell culture (SILAC) quantitative mass spectrometry (MS) based proteomics.,protein_expression,N/A,,
<i>Toxoplasma gondii</i> RH 2016 Genome Sequence,3/16/2016,N/A,Yee-Ling Lau,N/A,"ToxoDB rel. 49, 2020-NOV-05",49,Genomes,tgonRH2016_primary_genome_RSRC,DS_18b198ca24,<i>Toxoplasma gondii</i> RH 2016<br>,27355363,N/A,Yee-Ling Lau,Genome sequence for <i>Toxoplasma gondii</i> strain RH 2016.,genome,N/A,,
Popset Records from GenBank,N/A,Apollo,GenBank,NCBI,"ToxoDB rel. 1.0, 01-JAN-05",0,Genetic variation,_isolates_genbank_RSRC$,DS_19a7ddd8f2,<i>Eimeria tenella</i> strain Houghton<br><i>Toxoplasma gondii</i> ME49<br>,N/A,N/A,GenBank,GenBank records containing sequence and metadata for popsets,isolates,N/A,,
<i>Eimeria acervulina</i> Houghton Genome Sequence and Annotation,11/5/2013,Apollo,Arnab Pain,King Abdullah University of Science and Technology,"ToxoDB rel. 49, 2020-NOV-05",21,Genomes,eaceHoughton_primary_genome_RSRC,DS_1afe3df56d,<i>Eimeria acervulina</i> Houghton<br>,N/A,N/A,Arnab Pain,<i>Eimeria acervulina</i> Houghton sequence and annotation,genome,6867,,
<i>Toxoplasma gondii</i> FOU Genome Sequence and Annotation,8/13/2014,N/A,David Sibley,Washington University School of Medicine,"ToxoDB rel. 49, 2020-NOV-05",0,Genomes,tgonFOU_primary_genome_RSRC,DS_1b7ea4af1d,<i>Toxoplasma gondii</i> FOU<br>,N/A,N/A,David Sibley,"<p><i>Toxoplasma gondii</i> FOU strain genome sequence and annotation data were produced by JCVI as part of the <a href=\https://sites.google.com/site/toxoplasmagondiigscidproject/home\"">Toxoplasma white paper</a>.</p><br>""",genome,10297,,
"PMRT1 KO, WT and KOCM expression profiles",10/7/2018,Apollo,Kami Kim,University of South Florida,"ToxoDB rel. 41, 2018-DEC-13",41,DNA Microarray Assay,tgonME49_microarrayExpression_Kim_PMRT1_RSRC,DS_1bdad09720,<i>Toxoplasma gondii</i> ME49<br>,26838719,N/A,El Bissati et al.,"Expression profiles of arginine methyltransferase 1 (PMRT1) knockout, complement and wild type <i>T. gondii</i> RH-hxgprt parasites determined by Affymetrix microarray (Toxo Gene chip)
<br/><br/>",transcript_expression,N/A,,
Affymetrix Probes - Expression,5/19/2006,Apollo,David S. Roos,"Department of Biology, University of Pennsylvania","ToxoDB rel. 1.0, 01-JAN-05",0,Array Probes,tgonME49_microarrayPlatform_Affy-Amit_NuclearNonCoding_RSRC,DS_1d70e8aa1d,<i>Toxoplasma gondii</i> ME49<br>,N/A,N/A,David S. Roos,Affymetrix probe data.,transcript_expression_platform,N/A,,
RFLP genotypes of Brazilian isolates from pig and goat for human consumption,11/30/2017,N/A,Ricardo Wagner Almeida Vitor,"Universidade Federal de Minas Gerais, Brazil","ToxoDB rel. 44, 2019-JUL-02",44,Genetic variation,StudyResult_Pig_Goat_RFLP_RSRC,DS_1e92f1af90,<br>,"29080759, 30479944",N/A,Rego et al.,RFLP genotypes of <i>T. gondii</i> isolates from pig and goat that were slaughtered for human consumption in the state of Piauí Northeastern Brazil.,results,N/A,,
<i>Toxoplasma gondii</i> p89 Genome Sequence and Annotation,8/13/2014,N/A,David Sibley,Washington University School of Medicine,"ToxoDB rel. 49, 2020-NOV-05",0,Genomes,tgonp89_primary_genome_RSRC,DS_1fe8488ee3,<i>Toxoplasma gondii</i> p89<br>,N/A,N/A,David Sibley,Genome sequence and annotation for <i>Toxoplasma gondii</i> p89,genome,9874,,
<i>Cystoisospora suis</i> strain Wien I Genome Sequence and Annotation,10/20/2017,Apollo,Anja Joachima,University of Veterinary Medicine Vienna,"ToxoDB rel. 49, 2020-NOV-05",36,Genomes,csuiWienI_primary_genome_RSRC,DS_203eef37dd,<i>Cystoisospora suis</i> strain Wien I<br>,28161402,N/A,Anja Joachima,Genome sequence and annotation for <i>Cystoisospora suis</i> strain Wien I,genome,11543,,
Gametocytes vs 2 Asexual Stages,2015-02-15_gus4,Apollo,Nicholas C. Smith,"Research School of Biology, Australian National University, Canberra","ToxoDB rel. 57, 2022-APR-21",57,RNASeq,etenHoughton2021_Walker_gametocytes_ebi_rnaSeq_RSRC,DS_23a405863a,<i>Eimeria tenella</i> Houghton 2021<br>,25765081,N/A,Walker et al.,"Tanscriptomes of <i>Eimeria tenella</i> Houghton gametocytes 
      compared to sporozoites and merozoites determined by RNA-Seq",transcript_expression,N/A,,
Monomethylarginine Proteomics (RH),1/31/2017,Apollo,Kami Kim,University of South Florida,"ToxoDB rel. 36, 2018-FEB-19",36,Protein expression,tgonME49_massSpec_Yakubu_ArginineMonomethylation_RSRC,DS_243bc178f0,<i>Toxoplasma gondii</i> ME49<br>,28143887,N/A,Yakubu et al.,<i>Toxoplasm gondii</i> RH monomethylarginine proteomics of the tachyzoite stage aligned to <i>T gondii</i> ME49.,protein_expression,N/A,,
<i>Toxoplasma gondii</i> TgCatPRC2 Genome Sequence and Annotation,3/23/2016,N/A,David Sibley,Washington University School of Medicine,"ToxoDB rel. 9.0, 2013-SEP-25",19,Genomes,tgonTgCatPRC2_primary_genome_RSRC,DS_2690249f2e,<i>Toxoplasma gondii</i> TgCatPRC2<br>,N/A,N/A,David Sibley,Genome sequence and  annotation for <i>Toxoplasma gondii</i> strain CatPRC2,genome,10300,,
<i>Eimeria mitis</i> Houghton Genome Sequence and Annotation,11/5/2013,Apollo,Arnab Pain,King Abdullah University of Science and Technology,"ToxoDB rel. 49, 2020-NOV-05",21,Genomes,emitHoughton_primary_genome_RSRC,DS_26ffcfe1da,<i>Eimeria mitis</i> Houghton<br>,N/A,N/A,Arnab Pain,<i>Eimeria mitis</i> Houghton sequence and annotation,genome,10077,,
"Oocyst, tachyzoite, and bradyzoite developmental expression profiles (M4)",1,Apollo,John Boothroyd,"Department of Microbiology and Immunology, Stanford University School of Medicine","ToxoDB rel. 1.0, 01-JAN-05",0,DNA Microarray Assay,tgonME49_microarrayExpression_Boothroyd_LifeCycle_RSRC,DS_2750122e82,<i>Toxoplasma gondii</i> ME49<br>,22347997,N/A,Fritz and Buchholz et al.,"Transcriptome analysis of oocyst, tachyzoite and 
    bradyzoite development in the T. gondii type II strain M4.",transcript_expression,N/A,,
Epitranscriptome of m6A,2/2/2021,Apollo,William Sullivan,Indiana University School of Medicine,"ToxoDB rel. 62, 2023-MAR-09",62,"Sequence sites, features and motifs",tgonME49_Sullivan_m6A_GFF_RSRC,DS_28cca62a25,<i>Toxoplasma gondii</i> ME49<br>,34324585,N/A,William Sullivan,Epitranscriptome describing the distribution of m6A marks within the <i>Toxoplasma gondii</i> ME49 transcriptome of tachyzoites and after 24h alkaline stress.,feature,N/A,,
<i>Eimeria tenella</i> strain Houghton Genome Sequence and Annotation,11/5/2013,N/A,Adam J. Reid,"Wellcome/CRUK Gurdon Institute: Cambridge, GB","ToxoDB rel. 49, 2020-NOV-05",0,Genomes,etenHoughton_primary_genome_RSRC,DS_299615a94a,<i>Eimeria tenella</i> strain Houghton<br>,25015382,N/A,Adam J. Reid,<i>Eimeria tenella</i> Houghton sequence and annotation,genome,8634,,
"Bradyzoite Differentiation Expression Profiles (ME49, GT1, CTGara)",10/5/2009,Apollo,Michael White,"University of South Florida, USA","ToxoDB rel. 1.0, 01-JAN-05",0,DNA Microarray Assay,tgonME49_microarrayExpression_White_GSE16037_Tz-Bz_RSRC,DS_2daab8c933,<i>Toxoplasma gondii</i> ME49<br>,18433450,N/A,Behnke et al.,"Expression profiles of <i>T. gondii</i> ME49, GT1 and CTGara tachyzoites and corresponding 
    bradyzoites induced by compound 1 or pH 8.2 incubation.",transcript_expression,N/A,,
Tachyzoite total proteome (RH),1,Apollo,Jonathan M. Wastling,University of Liverpool,"ToxoDB rel. 1.0, 01-JAN-05",0,Protein expression,tgonME49_massSpec_Wastling_ME49_tachyzoites_RSRC,DS_2e30560977,<i>Toxoplasma gondii</i> ME49<br>,18644147,N/A,Jonathan M. Wastling,Proteome of <i>T gondii</i> RH tachyzoites (harvested 3-4 days post-infection),protein_expression,N/A,,
Monensin treatment in sensitive and resistant E tenella strains,7/4/2022,Apollo,Dandan Hu,"College of Animal Science and Technology, Guangxi University","ToxoDB rel. 64, 2023-JUL-12",64,RNASeq,etenHoughton2021_etenHoughton2021_monensin_RNASeq_ebi_rnaSeq_RSRC,DS_2e6f4aabc6,<i>Eimeria tenella</i> Houghton 2021<br>,35859739,N/A,Zhang et al. 2022,"Transcriptomic analysis of monensin treatment of sensitive and resistant <i>E tennela</i> at 0, 2 and 4 hours post infection.",transcript_expression,N/A,,
Chemical Entities of Biological Interest Compounds,10/13/2021,N/A,EMBL-EBI,EMBL-EBI,"ToxoDB rel. 1.0, 01-JAN-05",0,Compounds from ChEBI,compounds_chEBI_RSRC,DS_32b4753324,<br>,23180789,N/A,EMBL-EBI,Compound records from Chemical Entities of Biological Interest (ChEBI),compound,N/A,,
The Sequence Ontology,5/15/2015,N/A,The Sequence Ontology Project (SO),N/A,"ToxoDB rel. 1.0, 01-JAN-05",0,Ontology and terminology,SO_RSRC,DS_3331bdf8a7,<br>,15892872,N/A,The Sequence Ontology Project (SO),"The Sequence Ontology Project (SO) is a joint effort by genome annotation centres, including: WormBase, 
         FlyBase, the Mouse Genome Informatics group, and the Sanger Institute. As part of the Gene Ontology Project 
         and the Open Biomedical Ontologies (OBO), their aim is to develop an ontology, or hierarchical vocabulary, suitable for describing biological sequences.",sres,N/A,,
Predicted full length transcripts (RH),9/24/2008,Apollo,Junichi Watanabe,"Department of Parasitology, Institute of Medical Science, University of Tokyo","ToxoDB rel. 1.0, 01-JAN-05",0,EST,tgonME49_EST_Watanabe_ESTs_sequences_RSRC,DS_3335ebbec4,<i>Toxoplasma gondii</i> ME49<br>,N/A,N/A,Junichi Watanabe,<i>T. gondii</i> RH EST sequences,EST,N/A,,
<i>Toxoplasma gondii</i> ARI Genome Sequence and Annotation,3/14/2016,N/A,David Sibley,Washington University School of Medicine,"ToxoDB rel. 9.0, 2013-SEP-25",19,Genomes,tgonARI_primary_genome_RSRC,DS_33643900b8,<i>Toxoplasma gondii</i> ARI<br>,N/A,N/A,David Sibley,Genome sequence and annotation for <i>Toxoplasma gondii</i> strain ARI.,genome,10148,,
TAILS peptides,1/12/2018,Apollo,Chris Tonkin,The Walter and Eliza Hall Institute of Medical Research,"ToxoDB rel. 36, 2018-FEB-19",36,Protein expression,tgonME49_massSpec_TAILS_Nterm_Pep_RSRC,DS_34ad7e87eb,<i>Toxoplasma gondii</i> ME49<br>,30377279,N/A,Coffey et al.,Mapping N-terminal Met peptides to annotated coding genes,protein_expression,N/A,,
Mutants and wild-type expression profiles during bradyzoite differentiation,7/13/2011,Apollo,Mariana Matrajt,University of Vermont,"ToxoDB rel. 1.0, 01-JAN-05",0,DNA Microarray Assay,tgonME49_microarrayExpression_Matrajt_GSE23174_Bz_RSRC,DS_35bb13db5b,<i>Toxoplasma gondii</i> ME49<br>,21209930,N/A,Lescault et al.,"Microarray analysis of seven novel <i>T. gondii</i> insertional mutants that do 
    not undergo normal differentiation to bradyzoites.",transcript_expression,N/A,,
Tachyzoite and tissue cyst transcriptomes,5/11/2017,Apollo,Chandra Ramakrishnan and Adrian Hehl,"Institute of Parasitology, University of Zurich","ToxoDB rel. 49, 2020-NOV-05",49,RNASeq,bbesBbGer1_Ramakrishnan_Tachy_Cyst_ebi_rnaSeq_RSRC,DS_35f37f1f7a,<i>Besnoitia besnoiti</i> strain Bb-Ger1<br>,N/A,N/A,Ramakrishnan et al.,RNA sequencing of <i>Besnoitia besnoiti</i> Lisbon14 tachyzoite and cyst transcriptomes aligned to <i>Besnoitia besnoiti</i> Bb-Ger1.,transcript_expression,N/A,,
<i>Sarcocystis neurona</i> SO SN1 Genome Sequence and Annotation,7/23/2015,N/A,John Parkinson,University of Toronto,"ToxoDB rel. 65, 2023-SEP-14",26,Genomes,sneuSOSN1_primary_genome_RSRC,DS_3677a001d6,<i>Sarcocystis neurona</i> SO SN1<br>,N/A,N/A,John Parkinson,<i>Sarcocystis neurona</i> SOSN1 sequence and  annotation from  John Parkinson at the University of Toronto.,genome,7077,,
NCBI Taxonomy,7/30/2020,N/A,TAXON,NCBI,"ToxoDB rel. 1.0, 01-JAN-05",0,Taxonomy and Phylogeny,taxonomy_RSRC,DS_385ea4f5f9,<br>,N/A,N/A,TAXON,"The NCBI Taxonomy database is a curated set of names and classifications for all organisms that are represented in the Entrez databases. 
         The Taxonomy database attempts to incorporate phylogenetic and taxonomic knowledge from a variety of sources, including the published literature,
          web-based databases, and the advice of sequence submitters and outside taxonomy experts.",sres,N/A,,
T. gondii during spontaneous differentiation in primary rat brain cells.,10/11/2021,Apollo,Mathieu Gissot,Institut Pasteur de Lille,"ToxoDB rel. 57, 2022-APR-21",57,RNASeq,tgonME49_tgonME49_infection_in_rat_RNASeq_RSRC_ebi_rnaSeq_RSRC,DS_386bac2860,<i>Toxoplasma gondii</i> ME49<br>,34610266,N/A,Mouveaux et al. 2021,"Transcriptome changes during the parasite spontaneous differentiation after infection of primary rat brain cells. Triplicate RNA samples of infected primary CNS cell culture at 1d, 2d, 4d, 7d, and 14d post-infection.",transcript_expression,N/A,,
Transcriptome of Wild-Type and gra18 mutant strains of T. gondii,5/5/2020,Apollo,Alexandre Bougdour,"Team Host-pathogen interactions and immunity to infection, University of Grenoble Alpes, Inserm, CNRS, IAB, Grenoble, France","ToxoDB rel. 43, 2019-APR-25",43,RNASeq,tgonME49_He_WT_gra18_Infection_ebi_rnaSeq_RSRC,DS_3a839edb9c,<i>Toxoplasma gondii</i> ME49<br>,30320549,N/A,He et al.,Transcriptome of Wild-Type and gra18 mutant strains of <i>T. gondii</i>,transcript_expression,N/A,,
<i>Toxoplasma gondii</i> CAST Genome Sequence and Annotation,12/4/2018,N/A,David Sibley,Washington University School of Medicine,"ToxoDB rel. 9.0, 2013-SEP-25",19,Genomes,tgonCAST_primary_genome_RSRC,DS_3b71c59a12,<i>Toxoplasma gondii</i> CAST<br>,26738725,N/A,David Sibley,Genome sequence and annotation for <i>Toxoplasma gondii</i> strain CAST.,genome,9697,,
Proteome During an Infection in H. sapiens (Quant)(GT1 ME49 RH VEG),2015-12-15_gus4,Apollo,Jonathan M. Wastling,University of Liverpool,"ToxoDB rel. 28, 2016-MAR-31",28,Protein expression,tgonME49_quantitativeMassSpec_Wastling_tgon_strains_RSRC,DS_3c48f52edb,<i>Toxoplasma gondii</i> ME49<br>,25867681,N/A,Krishna et al.,"<i>T. gondii</i> peptide sequences from 6 proteomic analyses of mixed parasite/host cell samples that were
    collected during time course infections in human foreskin fibroblasts.
    (6 time course experiments using 4 different strains of <i>T. gondii</i>)",protein_expression,N/A,,
Eimeria transcriptome during infection in mice (Dual RNA-Seq),9/5/2017,Apollo,Emanuel Heitlinger,"Department of Molecular Parasitology, Humboldt University","ToxoDB rel. 60, 2022-NOV-09",60,RNASeq,efalBayerHaberkorn1970_E_falciformis_dualRNAseq_ebi_rnaSeq_RSRC,DS_3da11780b1,<i>Eimeria falciformis</i> Bayer Haberkorn 1970<br>,28870168,N/A,Ehret et al.,Dual RNA sequencing of mice infected with <i>Eimeria falciformis</i>. RNA isolated from ceca from 3 to 4 sacrificed mice per time-point was sequenced and reads were aligned to <i>E. falciformis</i>.,transcript_expression,N/A,,
Aligned genomic sequence reads - RH Strain,6/29/2010,Apollo,Marc-Jan Gubbels,"Department of Biology, Boston College","ToxoDB rel. 1.0, 01-JAN-05",0,Genetic variation,tgonME49_HTS_SNP_Gubbels_RH_HTS_RSRC,DS_3f3de1f403,<i>Toxoplasma gondii</i> ME49<br>,N/A,N/A,Marc-Jan Gubbels,"Whole genome resequencing data from <i>Toxoplasma gondii</i> RH strain were used to call SNPs 
       and determine CNV at the gene and chromosome level.",isolates,N/A,,
Aligned genomic sequence reads - White Paper Strains,1,Apollo,David Sibley,Washington University School of Medicine,"ToxoDB rel. 1.0, 01-JAN-05",0,Genetic variation,tgonME49_HTS_SNP_WhitePaper_HTS_SNP_RSRC,DS_3fc04e7ff1,<i>Toxoplasma gondii</i> ME49<br>,N/A,N/A,David Sibley,"Whole genome resequencing data from  ~60 isolates of <i>Toxoplasma gondii</i> (spanning the 16 haplogroups identified in 
      the <i>T. gondii</i> resequencing white paper) were used to call SNPs 
       and determine CNV at the gene and chromosome level.",isolates,N/A,,
RON13 knock-down phosphoproteome,6/18/2021,N/A,Dominique Soldati-Favre,"Department of Microbiology and Molecular Medicine, University of Geneva, Geneva, Switzerland","ToxoDB rel. 58, 2022-JUN-23",58,Protein expression,tgonGT1_massSpec_Lentini_Knock_Down_RSRC,DS_3fcd3d4602,<i>Toxoplasma gondii</i> GT1<br>,34145271,N/A,Lentini et al.,"Phosphoproteomes of <i>Toxoplasma gondii</i> delta-Ku80 (parental strain) and RON13 kinase knock-down (RON13-KD), following phosphopeptide enrichment and shotgun proteomics.",protein_expression,N/A,,
Bradyzoite in vitro Transcriptome (ME49),2012-07-24_gus4,Apollo,David Sibley,Washington University School of Medicine,"ToxoDB rel. 1.0, 01-JAN-05",0,RNASeq,tgonME49_ME49_bradyzoite_rnaSeq_RSRC,DS_408f2c4cda,<i>Toxoplasma gondii</i> ME49<br>,N/A,N/A,Sibley/Gregory,<i>T. gondii ME49</i> bradyzoite mRNA Illumina sequences aligned to the ME49 Genome,transcript_expression,N/A,,
<i>Toxoplasma gondii</i> RH-88 Genome Sequence and Annotation,5/15/2020,N/A,Hernan Lorenzi,J. Craig Venter Institute,"ToxoDB rel. 50, 2020-DEC-17",50,Genomes,tgonRH88_primary_genome_RSRC,DS_413cde922d,<i>Toxoplasma gondii</i> RH-88<br>,N/A,N/A,Hernan Lorenzi,Genome Sequence and Annotation for <i>Toxoplasma gondii</i> RH-88,genome,8654,,
ChIP-Seq in MORC WT and MORC KD parasites,4/5/2020,Apollo,Mohamed-Ali Hakimi,"Team Host-pathogen interactions and immunity to infection, University of Grenoble Alpes, Inserm, CNRS, IAB, Grenoble, France","ToxoDB rel. 57, 2022-APR-21",57,CHIP Seq,tgonME49_tgonME49_MORC_chipseq_chipSeq_RSRC,DS_426c5d331c,<i>Toxoplasma gondii</i> ME49<br>,32094587,N/A,Farhat et al.,ChIP-Seq in MORC WT and MORC KD <i>T. gondii</i>,transcript_expression,N/A,,
Parasite transcriptome during infection in mouse brain.,6/28/2020,Apollo,Anita Koshy,"University of Arizona, Tucson, Arizona","ToxoDB rel. 51, 2021-MAR-16",51,RNASeq,tgonME49_Johnson_infection_mouse_brain_ebi_rnaSeq_RSRC,DS_4362334059,<i>Toxoplasma gondii</i> ME49<br>,32878927,N/A,Merritt et al.,Transcriptome of <i>Toxoplasma gondii</i> from injected mouse neurons,transcript_expression,N/A,,
Merozoite Gene Expression,3/15/2017,Apollo,Michael Behnke,"School of Veterinary Medicine, Department of Pathobiological Sciences, Louisiana State University","ToxoDB rel. 32, 2017-APR-20",32,DNA Microarray Assay,tgonME49_microarrayExpression_Behnke_Merozoite_RSRC,DS_45b4123102,<i>Toxoplasma gondii</i> ME49<br>,24885521,N/A,Behnke et al.,Microarray gene expression profile of merozoites,transcript_expression,N/A,,
Transcriptomes of 29 strains during murine macrophage infection,1.0_gus4,Apollo,Jeroen Saeij,"Department of Biology, Massachusetts Institute of Technology","ToxoDB rel. 11.0, 2014-MAY-08",21,RNASeq,tgonME49_Saeij_Jeroen_strains_rnaSeq_RSRC,DS_485e6e94e3,<i>Toxoplasma gondii</i> ME49<br>,22847430,N/A,Minot et al.,"Comparative transcriptome analysis of 29 different strains of <i>Toxoplasma gondii</i> 
                and the murine macrophages infected with them (HostDB).",transcript_expression,N/A,,
RNA-Seq of CPSF4 WT and CPSF4 KD parasites,7/15/2021,Apollo,Mohamed-Ali Hakimi,"Team Host-pathogen interactions and immunity to infection, University of Grenoble Alpes, Inserm, CNRS, IAB, Grenoble, France","ToxoDB rel. 57, 2022-APR-21",57,RNASeq,tgonME49_tgonME49_CPSF4KD_RNAseq_ebi_rnaSeq_RSRC,DS_4a81d92b98,<i>Toxoplasma gondii</i> ME49<br>,34263725,N/A,Farhat et al.,RNA-Seq of CPSF4 WT and CPSF4 KD <i>T. gondii</i>,transcript_expression,N/A,,
Aligned genomic sequence reads - HhCatGer041 Strain,4/30/2013,Apollo,Jon P. Boyle,"Department of Biological Sciences, Dietrich School of Arts and Sciences, University of Pittsburgh","ToxoDB rel. 25, 2015-JUL-23",25,Genetic variation,hhamHH34_HTS_SNP_Boyle_HTS_SNP_RSRC,DS_4bcd3fd7f4,<i>Hammondia hammondi</i> strain H.H.34<br>,23589877,N/A,Jon P. Boyle,"Whole genome resequencing data from <i>Hammondia hammondi</i> strain HhCatGer041 were used to call SNPs 
       and determine CNV at the gene and chromosome level.",isolates,N/A,,
Enzyme Nomenclature Database,7/30/2020,N/A,ENZYME,Swiss Institute of Bioinformatics,"ToxoDB rel. 1.0, 01-JAN-05",0,Function,enzymeDB_RSRC,DS_4d5814c3f2,<br>,10592255,N/A,ENZYME,EC Numbers from ENZYME,function,N/A,,
<i>Toxoplasma gondii</i> RUB Genome Sequence and Annotation,8/13/2014,N/A,David Sibley,Washington University School of Medicine,"ToxoDB rel. 49, 2020-NOV-05",0,Genomes,tgonRUB_primary_genome_RSRC,DS_5093564a84,<i>Toxoplasma gondii</i> RUB<br>,N/A,N/A,David Sibley,Sequence and Annotation of the <i>Toxoplasma gondii</i> RUB genome,genome,10213,,
Bradyzoite Differentiation (3-day time series)(Pru),10/12/2009,Apollo,John Boothroyd,"Department of Microbiology and Immunology, Stanford University School of Medicine","ToxoDB rel. 1.0, 01-JAN-05",0,DNA Microarray Assay,tgonME49_microarrayExpression_BoothroydAnderson_Tz-Bz_RSRC,DS_50943f57a2,<i>Toxoplasma gondii</i> ME49<br>,N/A,N/A,"Buchholz, Fritz and Boothroyd et al.",Microarray gene expression profiles during differention from tachyzoites to bradyzoites,transcript_expression,N/A,,
<i>Toxoplasma gondii</i> ME49 Genome Sequence and Annotation,3/22/2015,Apollo,Lis Caler,J. Craig Venter Institute,"ToxoDB rel. 9.0, 2013-SEP-25",0,Genomes,tgonME49_primary_genome_RSRC,DS_51d58c3848,<i>Toxoplasma gondii</i> ME49<br>,N/A,N/A,Lis Caler,Genome sequence and annotation for <i>Toxoplasma gondii</i> ME49,genome,8778,,
<i>Hammondia hammondi</i> strain H.H.34 Genome Sequence and Annotation,5/6/2019,Apollo,David Sibley,Washington University School of Medicine,"ToxoDB rel. 9.0, 2013-SEP-25",19,Genomes,hhamHH34_primary_genome_RSRC,DS_54db94dbdc,<i>Hammondia hammondi</i> strain H.H.34<br>,N/A,N/A,David Sibley,Sequence and annotation of <i>Hammondia hammondi</i> strain H.H.34,genome,8177,,
Tachyzoite secretome (RH),8/28/2008,Apollo,Vern B. Carruthers,University of Michigan,"ToxoDB rel. 1.0, 01-JAN-05",0,Protein expression,tgonME49_massSpec_Carruthers_preprocessed_RSRC,DS_5856022915,<i>Toxoplasma gondii</i> ME49<br>,16002397,N/A,Zhou et al.,"The excreted/secreted antigen fraction was prepared from freshly egressed T. 
          gondii RH clone 2F tachyzoites. Protein preparations were analyzed by 2DE-MS or by MudPIT analysis.",protein_expression,N/A,,
Tachyzoite phosphoproteome - Calcium dependent (RH),2/18/2011,Apollo,CJ Tonkin,Walter and Eliza Hall Institute of Medical Research,"ToxoDB rel. 1.0, 01-JAN-05",0,Protein expression,tgonME49_massSpec_Tonkin_Phosphoproteome_RSRC,DS_588b223e96,<i>Toxoplasma gondii</i> ME49<br>,21980283,N/A,Nebl et al.,"<i>T. gondii</i> RH strain tachyzoites were 
            stimulated with the calcium-mobilizing agent and proteomes determined for 
            phospopeptide enriched and depleted fractions.",protein_expression,N/A,,
T. gondii during infection in IEC18 cells (Dual RNA-Seq),3/31/2017,Apollo,John Boothroyd,"Department of Microbiology and Immunology, Stanford University School of Medicine","ToxoDB rel. 59, 2022-AUG-30",59,RNASeq,tgonME49_toxo_rat_tgme49_rnaseq_ebi_rnaSeq_RSRC,DS_59fb8debdb,<i>Toxoplasma gondii</i> ME49<br>,28362800,N/A,Guiton et al. 2017,Rat intestinal epithelial cells infected with <i>T. gondii</i> tachyzoites and sporozoites for 8hrs,transcript_expression,N/A,,
Tanscriptome from asexual to sexual in vitro development of Cystoisospora suis,4/8/2022,Apollo,Anja Joachima,University of Veterinary Medicine Vienna,"ToxoDB rel. 61, 2022-DEC-15",61,RNASeq,csuiWienI_csuiWienI_Asexual_To_Sexual_Cruz_RNASeq_RSRC_ebi_rnaSeq_RSRC,DS_5aa64134c4,<i>Cystoisospora suis</i> strain Wien I<br>,35396557,N/A,Cruz-Bustos et al. 2022,"<i>Cystoisospora suis</i> transcriptional profiles at three different time points of development corresponding to asexual, immature and mature sexual stages, determined <i>in vitro</i> via RNA Seq.",transcript_expression,N/A,,
RFLP genotypes,7/20/2016,N/A,Chunlei Su,"Department of Microbiology, The University of Tennessee","ToxoDB rel. 1.0, 01-JAN-05",0,Genetic variation,StudyResult_ChunleiSu_RFLP_RSRC,DS_5dfd0d0bb2,<br>,19765337,N/A,Chunlei Su,<i>T. gondii</i> RFLP genotypes using PCR-RFLP typing,results,N/A,,
<i>Besnoitia besnoiti</i> strain Bb-Ger1 Genome Sequence and Annotation,10/18/2017,Apollo,Hernan Lorenzi,J. Craig Venter Institute,"ToxoDB rel. 49, 2020-NOV-05",49,Genomes,bbesBbGer1_primary_genome_RSRC,DS_60798ff9a5,<i>Besnoitia besnoiti</i> strain Bb-Ger1<br>,29146849,N/A,Hernan Lorenzi,Genome sequence and annotation for <i>Besnoitia besnoiti</i> Bb-Ger1,genome,8550,,
Early infection of Besnoitia besnoiti tachyzoites in Bovine monocyte-derived macrophages,5/18/2023,Apollo,Gema Álvarez-García,"Complutense University of Madrid, Spain","ToxoDB rel. 66, 2023-NOV-28",66,RNASeq,bbesBbGer1_bbesBbGer1_Alvarez_early_bbes_in_MO_RNASeq_ebi_rnaSeq_RSRC,DS_60c5730a33,<i>Besnoitia besnoiti</i> strain Bb-Ger1<br>,37207972,N/A,Fernandez-Alvarez et al 2023,Early interaction between <i>Besnoitia besnoiti</i> tachyzoites and primary bovine monocyte-derived macrophages <i>in vitro</i>. <i>B. besnoiti</i> portion of a dual transcriptomic profiling of <i>B. taurus</i> macrophage.,transcript_expression,N/A,,
Genomic Cosmid Ends,5/23/2005,Apollo,Ian Paulsen,The Institute for Genomic Research,"ToxoDB rel. 1.0, 01-JAN-05",0,"Sequence sites, features and motifs",tgonME49_TIGR_Cosmid_ends_clonedInsertEnds_RSRC,DS_627f96dbf4,<i>Toxoplasma gondii</i> ME49<br>,N/A,N/A,Ian Paulsen,"Sequence from cosmid ends mapped against <i>T. gondii</i> ME49, 
    VEG and GT1 scaffolds. <br>  
    End-sequence data from cosmid clones were provided by Ian Paulsen at TIGR. 
    Sequencing was done using T3 and T7 primers represented as TH and TV, respectively, in the sequence IDs.<br>
    Cosmids with the TOX designation originated from Boris Striepen's laboratory, while those that start with PSB are from David Sibley's group.",aligned_sequence,N/A,,
Tachyzoite Transcriptome Time Series (RH),2013-11-21_gus4,Apollo,Brian D. Gregory,University of Pennsylvania,"ToxoDB rel. 12.0, 2014-SEP-10",22,RNASeq,tgonME49_Gregory_RH_mRNA_rnaSeq_RSRC,DS_6529b4f68d,<i>Toxoplasma gondii</i> ME49<br>,N/A,N/A,Gregory,<i>T. gondii</i> RH tachyzoite mRNA Illumina sequences aligned to the ME49 Genome,transcript_expression,N/A,,
A single-parasite transcriptional atlas of Toxoplasma Gondii RH,4/4/2023,N/A,John Boothroyd,"Department of Microbiology and Immunology, Stanford University School of Medicine","ToxoDB rel. 65, 2023-SEP-14",65,scRNA-Seq,tgonGT1_boothroyd_RH_cellxgene_RSRC,DS_674a15e76f,<i>Toxoplasma gondii</i> GT1<br>,32065584,N/A,Xue et al.,A single cell expression atlas in three strains of <i>Toxoplasma gondii</i> tachyzoites and bradyzoites reveals novel control of antigen expression and concerted gene expression through the lifecycle.,transcript_expression,N/A,,
The Database of Expressed Sequence Tags (dbEST),N/A,Apollo,GenBank,NCBI,"ToxoDB rel. 1.0, 01-JAN-05",0,EST,_dbEST_RSRC$,DS_6889a51dab,<i>Besnoitia besnoiti</i> strain Bb-Ger1<br><i>Cyclospora cayetanensis</i> strain CHN_HEN01<br><i>Cystoisospora suis</i> strain Wien I<br><i>Eimeria acervulina</i> Houghton<br><i>Eimeria brunetti</i> Houghton<br><i>Eimeria falciformis</i> Bayer Haberkorn 1970<br><i>Eimeria maxima</i> Weybridge<br><i>Eimeria mitis</i> Houghton<br><i>Eimeria necatrix</i> Houghton<br><i>Eimeria praecox</i> Houghton<br><i>Eimeria tenella</i> Houghton 2021<br><i>Hammondia hammondi</i> strain H.H.34<br><i>Neospora caninum</i> Liverpool<br><i>Sarcocystis neurona</i> SN3<br><i>Toxoplasma gondii</i> ME49<br>,N/A,N/A,GenBank,ESTs from dbEST.,EST,N/A,,
N-terminal Peptides (RH),9/12/2017,N/A,Dominique Soldati-Favre,"Department of Microbiology and Molecular Medicine, University of Geneva, Geneva, Switzerland","ToxoDB rel. 37, 2018-APR-25",37,Protein expression,tgonGT1_massSpec_Dogga_N-terminal_RSRC,DS_69ab031ad9,<i>Toxoplasma gondii</i> GT1<br>,28898199,N/A,Dogga et al.,<i>Toxoplasma gondii</i> RH N-terminal Peptides,protein_expression,N/A,,
T. gondii ME49 transcripts from Release 65,build_65,Apollo,VEuPathDB,VEuPathDB,"ToxoDB rel. 66, 2023-NOV-28",66,N/A,tgonME49_bld65Annotation_GFF_topLevel_RSRC,DS_6ae784893a,<i>Toxoplasma gondii</i> ME49<br>,N/A,N/A,VEuPathDB,"Gene models for <i>Toxoplasma gondii</i> ME49 from ToxoDB Release 65, before many models were updated by VEuPathDB curators and staff.",feature,N/A,,
Mitochondrial Matrix Proteome,12/11/2017,Apollo,Giel Van Dooren,N/A,"ToxoDB rel. 37, 2018-APR-25",37,Protein expression,tgonME49_massSpec_Mitochondrial_Matrix_RSRC,DS_7021f0d67f,<i>Toxoplasma gondii</i> ME49<br>,30204084,N/A,Seidi and Muellner-Wong at al.,"Toxoplasma mitochondrial matrix proteome determined using two independent, biotin-labelling approaches: ascorbate peroxidase (APEX) approach and the BirA*/BioID approach.",protein_expression,N/A,,
Chromatin Immunoprecipitation (RH PLK CTG) - Active Transcriptome,8/22/2008,Apollo,Kami Kim,University of South Florida,"ToxoDB rel. 1.0, 01-JAN-05",0,ChIP chip,tgonME49_chipChipExper_Einstein_RSRC,DS_71f2c2118b,<i>Toxoplasma gondii</i> ME49<br>,N/A,N/A,Kami Kim,"Chromatin Immunoprecipitation chip data identifying regions of active transcription. 
       Peak calls were made by the data provider.",transcript_expression,N/A,,
Oocyst Time Series (M4),2012-07-24_gus4,Apollo,John Boothroyd,"Department of Microbiology and Immunology, Stanford University School of Medicine","ToxoDB rel. 1.0, 01-JAN-05",0,RNASeq,tgonME49_Boothroyd_oocyst_rnaSeq_RSRC,DS_72dce52949,<i>Toxoplasma gondii</i> ME49<br>,22347997,N/A,Fritz/Boothroyd/Gregory,<i>T. gondii</i> M4 Oocyst  mRNA Illumina sequences aligned to the ME49 Genome.,transcript_expression,N/A,,
Expression profiling of 3 archetypal lineages,4/25/2008,Apollo,David S. Roos,"Department of Biology, University of Pennsylvania","ToxoDB rel. 1.0, 01-JAN-05",0,DNA Microarray Assay,tgonME49_microarrayExpression_Roos-Tz_RSRC,DS_73d06a9e7b,<i>Toxoplasma gondii</i> ME49<br>,N/A,N/A,"Davis and Roos, unpublished","Expression profiling of two strains from each of the 3 archetypal <i>T. gondii</i> lineages.  
This data was graciously provided to ToxoDB pre-publication by Paul Davis and David Roos.",transcript_expression,N/A,,
Stage-specific RNA-sequencing in Toxoplasma gondii,1/23/2020,Apollo,Sebastian Lourido,Whitehead Institute for Biomedical Research,"ToxoDB rel. 65, 2023-SEP-14",65,RNASeq,tgonME49_waldman_brady_master_reg_ebi_rnaSeq_RSRC,DS_749cb10dcf,<i>Toxoplasma gondii</i> ME49<br>,31955846,N/A,Waldman et al.,"Stage-specific bulk RNA-Seq in <i>Toxoplasma gondii</i> in unstressed (24 h, tachyzoite) or stressed (48 h, bradyzoite) conditions.",transcript_expression,N/A,,
Tachyzoite and merozoite transcriptomes,2/13/2015,Apollo,Adrian B. Hehl,"Institute of Parasitology, University of Zurich, Zurich, Switzerland","ToxoDB rel. 43, 2019-APR-25",43,RNASeq,tgonME49_RamakrishnanTachyzoiteAndMerozoite_rnaSeq_RSRC,DS_75742b9a0a,<i>Toxoplasma gondii</i> ME49<br>,25757795,N/A,Hehl et al.,"High-throughput RNA-Seq (SOLiD5) to compare the merozoite and tachyzoite transcriptomes from 
                  <i>T. gondii</i> CZ strain. Data are aligned to <i>T. gondii</i> ME49",transcript_expression,N/A,,
Transcriptomes of virulent and avirulent N caninum isolates during bovine infection,9/9/2017,Apollo,L.M. Ortega-Mora,"SALUVET, Animal Health Department, Faculty of Veterinary Sciences, Complutense University of Madrid","ToxoDB rel. 43, 2019-APR-25",43,RNASeq,ncanLIV_Horcajo_bovine_infection_ebi_rnaSeq_RSRC,DS_763321963d,<i>Neospora caninum</i> Liverpool<br>,28899691,N/A,Horcajo et al.,"Transcriptomic analysis of two different isolates of <i>Neospora caninum</i>, the highly virulent isolate, Nc-Spain7, and the comparatively avirulent isolate, Nc-Spain1H. Mixed host-parasite samples of <i>N. caninum</i> infection 8 hours post infection of bovine trophoblast cell line F3 were analyzed. Bovine data is available in HostDB.",transcript_expression,N/A,,
Life Cycle Stages Transcriptomes,1.0_gus4,Apollo,Adam J. Reid,"Wellcome/CRUK Gurdon Institute: Cambridge, GB","ToxoDB rel. 57, 2022-APR-21",57,RNASeq,etenHoughton2021_Reid_RNASeq_ebi_rnaSeq_RSRC,DS_766ad6b532,<i>Eimeria tenella</i> Houghton 2021<br>,25015382,N/A,Reid,"RNA-Seq of the <i>Eimeria tenella</i> Houghton life cycle stages: unsporulated oocyst,
       sporulated oocyst, sporozoite, and 2nd generation merozoite.",transcript_expression,N/A,,
<i>Toxoplasma gondii</i> VAND Genome Sequence and Annotation,8/15/2014,N/A,David Sibley,Washington University School of Medicine,"ToxoDB rel. 49, 2020-NOV-05",0,Genomes,tgonVAND_primary_genome_RSRC,DS_7814fa16c8,<i>Toxoplasma gondii</i> VAND<br>,N/A,N/A,David Sibley,Genome sequence and Annotation of <i>Toxoplasma gondii</i> VAND strain,genome,9426,,
Tachyzoite Transcriptome Time Series (VEG),2013-11-21_gus4,Apollo,Brian D. Gregory,University of Pennsylvania,"ToxoDB rel. 12.0, 2014-SEP-10",0,RNASeq,tgonME49_Gregory_VEG_mRNA_rnaSeq_RSRC,DS_78959dea55,<i>Toxoplasma gondii</i> ME49<br>,N/A,N/A,Gregory,<i>T. gondii</i> VEG  tachyzoite  mRNA Illumina sequences aligned to the ME49 Genome,transcript_expression,N/A,,
RNA-Seq of MORC WT and MORC KD parasites,4/5/2020,Apollo,Mohamed-Ali Hakimi,"Team Host-pathogen interactions and immunity to infection, University of Grenoble Alpes, Inserm, CNRS, IAB, Grenoble, France","ToxoDB rel. 57, 2022-APR-21",57,RNASeq,tgonME49_tgonME49_MORC_RNAseq_ebi_rnaSeq_RSRC,DS_79e1396920,<i>Toxoplasma gondii</i> ME49<br>,32094587,N/A,Farhat et al.,RNA-Seq of MORC WT and MORC KD <i>T. gondii</i>,transcript_expression,N/A,,
TgPRU delta KU80 Nanopore RNA-Seq,2023_05,Apollo,Stuart Ralph,University of Melbourne,"ToxoDB rel. 66, 2023-NOV-28",66,LongReadRNASeq,tgonME49_Stuart_Ralph_nanopore_rnaSeqNextflow_RSRC,DS_7bc897f1e5,<i>Toxoplasma gondii</i> ME49<br>,33688018,N/A,Lee et al.,Transcriptome (Nanopore RNA-Seq) of <i>T. gondii</i> PRU delta KU80 tachyzoites.,longRead_transcript_expression,N/A,,
Mitochondrial Matrix Quantitative Proteome,2/26/2018,Apollo,Giel Van Dooren,N/A,"ToxoDB rel. 37, 2018-APR-25",37,Protein expression,tgonME49_quantitativeMassSpec_Dooren_Mitochondrial_Matrix_RSRC,DS_7cf16df1a2,<i>Toxoplasma gondii</i> ME49<br>,30204084,N/A,Seidi and Muellner-Wong at al.,"Toxoplasma mitochondrial matrix proteome determined using two independent, biotin-labelling approaches: ascorbate peroxidase 
	(APEX) approach and the BirA*/BioID approach.",protein_expression,N/A,,
<i>T gondii</i> Proteome During Infection in Homo sapiens (GT1 ME49 RH VEG),12/15/2015,Apollo,Jonathan M. Wastling,University of Liverpool,"ToxoDB rel. 28, 2016-MAR-31",28,Protein expression,tgonME49_massSpec_Wastling_human_infection_RSRC,DS_7d25610674,<i>Toxoplasma gondii</i> ME49<br>,25867681,N/A,Krishna at al.,"<i>T. gondii</i> peptide sequences from a proteomic analysis of a mixed parasite/host sample
    collected during infection in human foreskin fibroblasts. Multiple strains were analyzed (GT1 ME49 RH VEG) and all data 
    were aligned to TgME49.",protein_expression,N/A,,
Protein GO Associations,10/3/2023,Apollo,Lis Caler,J. Craig Venter Institute,"ToxoDB rel. 1.0, 01-JAN-05",0,Function prediction,tgonME49_gb_GOAssociations_RSRC,DS_7d59b64c78,<i>Toxoplasma gondii</i> ME49<br>,N/A,N/A,Lis Caler,"<i>T. gondii</i> ME49 Gene Ontology associations produced 
   by Lis Caler's group at the J. Craig Venter Institute 
   (<a href=\http://msc.jcvi.org/t_gondii/index.shtml\""Target=\""_blank\"">JCVI</a>).""",N/A,N/A,,
Self-assembled vesicles (RH) quantitative proteomics,8/18/2019,N/A,Ricardo Mondragón-Flores,Center for Research and Advanced Studies of the National Polytechnic Institute,"ToxoDB rel. 50, 2020-DEC-17",50,Protein expression,tgonGT1_quantitativeMassSpec_Ramirez_Flores_Vesicles_RSRC,DS_81ccbd2a97,<i>Toxoplasma gondii</i> GT1<br>,31434009,N/A,Ramirez-Flores et al. 2019,"Quantitative proteomes of self-assembled vesicles from <i>Toxoplasma gondii</i> RH. 
                      Samples include ectosomes, exosomes, and ecto/exo supernatant.",protein_expression,N/A,,
<i>Neospora caninum</i> Liverpool 2019 Genome Sequence and Annotation,12/17/2020,N/A,Maria Eugenia Francia,Institut Pasteur de Montevideo,"ToxoDB rel. 54, 2021-SEP-08",54,Genomes,ncanLiverpool2019_primary_genome_RSRC,DS_854320da07,<i>Neospora caninum</i> Liverpool 2019<br>,33906964,N/A,Maria Eugenia Francia,Genome Sequence and Annotation of <i>Neospora caninum</i> Liverpool 2019,genome,7798,,
Lipidome and palmitoylome for T. gondii,10/14/2015,N/A,Matthew Bogyo,Stanford University,"ToxoDB rel. 55, 2021-DEC-02",55,Protein expression,tgonGT1_quantitativeMassSpec_Foe_Lipidome_Palmitoylome_RSRC,DS_854c0e2f64,<i>Toxoplasma gondii</i> GT1<br>,26468752,N/A,Foe et al.,Chemical proteomic study to determine the lipidated and palmitoylated proteome of <i>Toxoplasma gondii</i> GT1.,protein_expression,N/A,,
Mouse brain bradyzoite proteomics time course,7/24/2019,Apollo,Laura J. Knoll,"Medical Microbiology and Immunology, Unviersity of Wisconsin-Madison","ToxoDB rel. 46, 2019-NOV-06",46,Protein expression,tgonME49_massSpec_Knoll_Brady_Time_RSRC,DS_8ab03f0b79,<i>Toxoplasma gondii</i> ME49<br>,31726967,N/A,Garfoot et al.,"Proteomic analysis (mapped peptides) of bradyzoites purified from mouse brain cysts at 21 days, 28 days, 3 months, 4 months and 5 months post infection",protein_expression,N/A,,
VEG timecourse proteome,1,Apollo,Jonathan M. Wastling,University of Liverpool,"ToxoDB rel. 1.0, 01-JAN-05",0,Protein expression,tgonME49_massSpec_Wastling_VEG_timecourse_RSRC,DS_9099bf84d7,<i>Toxoplasma gondii</i> ME49<br>,N/A,N/A,Wastling,<i>T. gondii</i> VEG timecourse proteome.,protein_expression,N/A,,
Oocyst Partially Sporulated Proteome (VEG),7/2/2013,Apollo,Furio Spano,Istituto Superiore di Sanità (National Institute of Health),"ToxoDB rel. 10.0, 2014-FEB-03",20,Protein expression,tgonME49_massSpec_Spano_RSRC,DS_917a303d17,<i>Toxoplasma gondii</i> ME49<br>,23496850,N/A,Possenti et al.,Proteome of partially sporulated oocysts from <i>T. gondii</i> VEG mapped to ME49,protein_expression,N/A,,
T gondii Transcriptome during infection in 4 mouse cell types,2/7/2017,Apollo,Carsten Lueder,"Institute for Medical Microbiology, University Medical Center, Georg-August-University","ToxoDB rel. 35, 2017-DEC-01",35,RNASeq,tgonME49_SwierzyFourInfectedCells_ebi_rnaSeq_RSRC,DS_930295d0b5,<i>Toxoplasma gondii</i> ME49<br>,28775382,N/A,Swierzy et al.,mRNA Illumina sequences from 4 different mouse cell types infected with <i>T. gondii</i> and aligned to the ME49 Genome.,transcript_expression,N/A,,
Tachyzoite Transcriptome 3 and 4 days post-infection (VEG NcLIV),2010-07-15_gus4,Apollo,Adam J. Reid,"Wellcome/CRUK Gurdon Institute: Cambridge, GB","ToxoDB rel. 1.0, 01-JAN-05",0,RNASeq,tgonME49_Reid_tachy_ebi_rnaSeq_RSRC,DS_94e899930e,<i>Toxoplasma gondii</i> ME49<br>,22457617,N/A,Reid et al.,"Transcriptomic analysis of <i>T. gondii</i> VEG and <i>N. caninum</i> Liverpool tachyzoites 
at 3 and 4 days post-infection using paired-end Illumina RNA-Seq.",transcript_expression,N/A,,
RNA-seq of tartrolon E-treated T. gondii RH parasites,7/25/2020,Apollo,Roberta O'Connor,"Veterinary Microbiology and Pathology, College of Veterinary Medicine, Washington State University","ToxoDB rel. 56, 2022-FEB-15",56,RNASeq,tgonME49_tgME49_tartrolonE_RNASeq_ebi_rnaSeq_RSRC,DS_95bf119b5c,<i>Toxoplasma gondii</i> ME49<br>,32738587,N/A,Bowden et al. 2020,"Transcriptome of <i>Toxoplasma gondii</i> parasites treated with 24.2 nM tartrolon E (trtE) or 0.1% DMSO control collected at 4, 8, and 12 h post-treatment.",transcript_expression,N/A,,
<i>Eimeria brunetti</i> Houghton Genome Sequence and Annotation,11/5/2013,Apollo,Arnab Pain,King Abdullah University of Science and Technology,"ToxoDB rel. 49, 2020-NOV-05",21,Genomes,ebruHoughton_primary_genome_RSRC,DS_95c50342ce,<i>Eimeria brunetti</i> Houghton<br>,N/A,N/A,Arnab Pain,<i>Eimeria brunetti</i> Houghton sequence and annotation,genome,8711,,
Protein GO Associations,11/19/2013,N/A,Lis Caler,J. Craig Venter Institute,"ToxoDB rel. 1.0, 01-JAN-05",0,Function prediction,tgonVEG_GenBank_GOAssociations_RSRC,DS_9665c13eff,<i>Toxoplasma gondii</i> VEG<br>,N/A,N/A,Lis Caler,"<i>T. gondii</i> VEG Gene Ontology  associations produced by Lis Caler's group at the J. Craig Venter Institute (<a href=\http://msc.jcvi.org/t_gondii/index.shtml\""Target=\""_blank\"">JCVI</a>).""",N/A,N/A,,
Transcriptome of E. tenella from infected chicken caecal tissues,9/14/2021,Apollo,Eva Wattrang,"Department of Microbiology, National Veterinary Institute","ToxoDB rel. 57, 2022-APR-21",57,RNASeq,etenHoughton2021_Eten_in_chicken_caecal_RNASeq_ebi_rnaSeq_RSRC,DS_96ecc5700a,<i>Eimeria tenella</i> Houghton 2021<br>,34521339,N/A,Sandholt et al 2021,"Transcriptome of <i>Eimeria tenella</i> from infected chicken caecal tissues.  Chickens were infected with purified <i>E. tenella</i> sporozoites and RNA-Seq was performed on samples collected 3, 4, and 10  days post-infection.",transcript_expression,N/A,,
Bradyzoite Differentiation (Multiple 6-hr time points and Extended time series),6/7/2007,Apollo,Paul H. Davis,"Roos Lab, University of Pennsylvania","ToxoDB rel. 1.0, 01-JAN-05",0,DNA Microarray Assay,tgonME49_microarrayExpression_Roos-Tz-Bz_RSRC,DS_994d646c6a,<i>Toxoplasma gondii</i> ME49<br>,N/A,N/A,Davis and Roos et al.,"Expression profiles of <i>T. gondii</i> time series (Multiple 6-hr time points and Extended time series).
<br> This data was graciously provided to ToxoDB pre-publication by Paul Davis, Florence Dzierszinski and David Roos.",transcript_expression,N/A,,
The Worldwide Protein Data Bank (wwPDB),7/30/2020,N/A,RCSB PDB,Rutgers and UCSD,"ToxoDB rel. 1.0, 01-JAN-05",0,Protein Structure,PDBProteinSequences_RSRC,DS_9ab85137b0,<br>,"10592235, 14634627, 23023942",N/A,RCSB PDB,PDB proteins of known 3-dimensional structure,external_sequences,N/A,,
MetaCyc Metabolic Pathway Database,2022.18.10,N/A,BioCyc Database Collection,N/A,"ToxoDB rel. 1.0, 01-JAN-05",0,Metabolic pathways,Pathways_MetaCyc_RSRC,DS_9c4bcfb00e,<br>,26527732,N/A,BioCyc Database Collection,Metacyc is a curated database of experimentally elucidated metabolic pathways from all domains of life.,pathway,N/A,,
<i>Sarcocystis neurona</i> SN3 Genome Sequence and Annotation,4/13/2015,Apollo,Daniel K. Howe,University of Kentucky,"ToxoDB rel. 9.0, 2013-SEP-25",19,Genomes,sneuSN3_primary_genome_RSRC,DS_9ddaf0bdc1,<i>Sarcocystis neurona</i> SN3<br>,N/A,"It is the intention of the authors to publish this work. They are providing this data as 
    a service to the community to facilitate their research. Please contact the authors prior to embarking 
    on any whole genome analyses until the sequence and primary analysis are published.",Howe et al.,<i>Sarcocystis neurona</i> strain SN3 genome sequence and annotation.,genome,7089,,
Comparative proteomics of 4 SAG1 KO clones by iLFQ,6/21/2023,Apollo,Joachim Muller,"University of Bern, Switzerland","ToxoDB rel. 68, 2024-MAY-07",68,Protein expression,tgonME49_quantitativeMassSpec_Hanggeli_4Clones_iTop3_RSRC,DS_9ee5f5fb72,<i>Toxoplasma gondii</i> ME49<br>,37445632,N/A,Hanggeli et al. 2023,Whole cell shotgut proteomics of wild type and 4 knock out clones of SAG1. Data were analyzed by iLFQ methods.,protein_expression,N/A,,
Tachyzoite Ubiquitome,11/11/2015,Apollo,Kami Kim,University of South Florida,"ToxoDB rel. 1.0, 01-JAN-05",0,Protein expression,tgonME49_massSpec_deMonerriUbiquitin_RSRC,DS_a184b311a9,<i>Toxoplasma gondii</i> ME49<br>,26567513,N/A,Silmon de Monerri et. al,<i>T. gondii</i> RH tachyzoite ubiquitinated proteome aligned to TgME49.,protein_expression,N/A,,
Eimeria tenella transcriptome during infection in chicken macrophage-like cells (Dual RNA-Seq),2/4/2021,Apollo,Eva Wattrang,"Department of Microbiology, National Veterinary Institute","ToxoDB rel. 57, 2022-APR-21",57,RNASeq,etenHoughton2021_Eten_infect_chicken_RNASeq_ebi_rnaSeq_RSRC,DS_a20aad37e6,<i>Eimeria tenella</i> Houghton 2021<br>,33536090,N/A,Sandholt et al 2021,Transcriptome of <i>E. tenella</i> during infection in macrophage-like cell line HD11 cultures infected <i>in vitro</i>.,transcript_expression,N/A,,
<i>Eimeria falciformis</i> Bayer Haberkorn 1970 Genome Sequence and Annotation,8/14/2017,Apollo,Christoph Dieterich,Max Plank Institute for Biology of Ageing,"ToxoDB rel. 60, 2022-NOV-09",21,Genomes,efalBayerHaberkorn1970_primary_genome_RSRC,DS_a262873bcd,<i>Eimeria falciformis</i> Bayer Haberkorn 1970<br>,25142335,N/A,Christoph Dieterich,<i>Eimeria falciformis</i> Bayer Haberkorn 1970 sequence and annotation,genome,6037,,
<i>Eimeria praecox</i> Houghton Genome Sequence and Annotation,11/5/2013,Apollo,Arnab Pain,King Abdullah University of Science and Technology,"ToxoDB rel. 49, 2020-NOV-05",21,Genomes,epraHoughton_primary_genome_RSRC,DS_a4471a3561,<i>Eimeria praecox</i> Houghton<br>,N/A,N/A,Arnab Pain,<i>Eimeria praecox</i> Houghton sequence and annotation,genome,7635,,
Tachyzoite subcellular fractions,8/6/2008,Apollo,Silvia Moreno,UGA,"ToxoDB rel. 1.0, 01-JAN-05",0,Protein expression,tgonME49_massSpec_Moreno_preprocessed_RSRC,DS_a480aee278,<i>Toxoplasma gondii</i> ME49<br>,N/A,N/A,Silvia Moreno,<i>Toxoplasma gondii</i> subcellular fractions analyzed by LC-MS/MS,protein_expression,N/A,,
Comparative ribosome profiling of intracellular and extracellular parasites,5/30/2017,Apollo,Musa Hassan,The University of Edinburgh,"ToxoDB rel. 36, 2018-FEB-19",36,RNASeq,tgonME49_Hassan_intra_extra_ribo_profiling_ebi_rnaSeq_RSRC,DS_a48cc7c61e,<i>Toxoplasma gondii</i> ME49<br>,29228904,N/A,Hassan et al.,Genome-wide ribosome and mRNA-Seq of intracellualr and extracellular <i>T. gondii</i>.,transcript_expression,N/A,,
Aligned ME49 B7 Genomic BAC Ends,9/19/2001,Apollo,Pathogen Sequencing Unit,Wellcome Sanger Institute,"ToxoDB rel. 1.0, 01-JAN-05",0,"Sequence sites, features and motifs",tgonME49_Sanger_BAC_ends_clonedInsertEnds_RSRC,DS_a549bb23e4,<i>Toxoplasma gondii</i> ME49<br>,N/A,N/A,Pathogen Sequencing Unit,BAC end genome sequences for <i>T. gondii</i> ME49 B7,aligned_sequence,N/A,,
A single-parasite transcriptional atlas of Toxoplasma Gondii ME49,4/4/2023,Apollo,John Boothroyd,"Department of Microbiology and Immunology, Stanford University School of Medicine","ToxoDB rel. 64, 2023-JUL-12",64,scRNA-Seq,tgonME49_boothroyd_ME49_cellxgene_RSRC,DS_a65d129de0,<i>Toxoplasma gondii</i> ME49<br>,32065584,N/A,Xue et al.,A single cell expression atlas in three strains of Toxoplasma gondii tachyzoites and bradyzoites reveals novel control of antigen expression and concerted gene expression through the lifecycle.,transcript_expression,N/A,,
The GenBank Non-Redundant Protein Sequence Database (NRDB),7/30/2020,N/A,NRDB,NCBI,"ToxoDB rel. 1.0, 01-JAN-05",0,Genomes and Annotation,NRDB_RSRC,DS_a7163a9f0d,<br>,N/A,N/A,NRDB,"The GenBank non-redundant protein sequence database (NRDB) is a component of the NCBI BLAST databases 
         and contains entries from GenPept, Swissprot, PIR, PDF, PDB and NCBI RefSeq.",external_sequences,N/A,,
<i>Toxoplasma gondii</i> GAB2-2007-GAL-DOM2 Genome Sequence and Annotation,8/13/2014,N/A,David Sibley,Washington University School of Medicine,"ToxoDB rel. 9.0, 2013-SEP-25",19,Genomes,tgonGAB2-2007-GAL-DOM2_primary_genome_RSRC,DS_a858cc3262,<i>Toxoplasma gondii</i> GAB2-2007-GAL-DOM2<br>,N/A,N/A,David Sibley,Genome sequence and annotation for <i>Toxoplasma gondii</i> strain GAB2-2007-GAL-DOM2,genome,9296,,
OrthoMCL Ortholog Groups,6r21,N/A,David S. Roos,"Department of Biology, University of Pennsylvania","ToxoDB rel. 1.0, 01-JAN-05",0,Orthology and synteny,OrthoMCL_RSRC,DS_a8f4849fb9,<br>,"12952885, 16381887",N/A,David S. Roos,Ortholog group assignments as predicted by OrthoMCL,orthology,N/A,,
Tachyzoite Rhoptry proteome (RH),5/11/2007,Apollo,Jonathan M. Wastling,University of Liverpool,"ToxoDB rel. 1.0, 01-JAN-05",0,Protein expression,tgonME49_massSpec_Wastling-rhoptry_preprocessed_RSRC,DS_ac2213c0a3,<i>Toxoplasma gondii</i> ME49<br>,16002398,N/A,Bradley et al.,"Purified <i>T. gondii</i> RH tachyzoite rhoptry fraction analyzed by 1DE, LC-MS/MS.",protein_expression,N/A,,
Aligned genomic sequence reads - GT1 Strain,6/27/2012,N/A,Ian Paulsen,The Institute for Genomic Research,"ToxoDB rel. 13.0, 2015-JAN-14",23,Genetic variation,tgonGT1_HTS_SNP_reference_genome_RSRC,DS_ac2a27fcc5,<i>Toxoplasma gondii</i> GT1<br>,N/A,N/A,Ian Paulsen,"Whole genome resequencing data from <i>Toxoplasma gondii</i> strain GT1 were used to call SNPs 
       and determine CNV at the gene and chromosome level.",isolates,N/A,,
Transcriptome during acute or chronic infection in mouse brain,2013-03-19_gus4,Apollo,Laura J. Knoll,"Medical Microbiology and Immunology, Unviersity of Wisconsin-Madison","ToxoDB rel. 9.0, 2013-SEP-25",19,RNASeq,tgonME49_Knoll_Laura_Pittman_rnaSeq_RSRC,DS_b0427cd47b,<i>Toxoplasma gondii</i> ME49<br>,25240600,N/A,Pittman et al.,In vivo transcriptome analysis of <i>Toxoplasma gondii</i> during acute and chronic infection. RNA from the forebrain of infected and control mice was analyzed by paired-end Illumina sequencing.,transcript_expression,N/A,,
"Tachyzoite proteome (12, 36, 56 hpi) of virulent and avirulent N. caninum (Quant)",5/30/2018,Apollo,L.M. Ortega-Mora,"SALUVET, Animal Health Department, Faculty of Veterinary Sciences, Complutense University of Madrid","ToxoDB rel. 43, 2019-APR-25",43,Protein expression,ncanLIV_quantitativeMassSpec_Horcajo_Tachyzoite_quant_RSRC,DS_b09d5417b9,<i>Neospora caninum</i> Liverpool<br>,29154927,N/A,Horcajo et al.,"Quantitative proteomic analysis of two <i>Neospora caninum</i> strains of disparate virulence: virulent Nc-Spain7 strain and the comparatively avirulent Nc-Spain1H strain. Samples taken at 12, 36 and 56 hours post infection were analyzed.",protein_expression,N/A,,
Tachyzoite membrane and cytosolic proteomes (RH),10/8/2008,Apollo,Andras Fiser,"Albert Einstein Biodefense Proteomics Research Center, Albert Einstein College of Medicine, Yeshiva University","ToxoDB rel. 1.0, 01-JAN-05",0,Protein expression,tgonME49_massSpec_Einstein_preprocessed_RSRC,DS_b0d263c43f,<i>Toxoplasma gondii</i> ME49<br>,19065262,N/A,Dybas et al.,"Enriched cytoskeletal and membrane fractions of <i>T. gondii</i> (RH) were analyzed using 
          three different proteomics techniques: 1DE, LC-MS/MS; 2DE, LC-MS/MS; or LC-MS/MS.",protein_expression,N/A,,
Canine RFLP genotypes,6/17/2020,N/A,Luis Gondim,N/A,"ToxoDB rel. 1.0, 01-JAN-05",0,Genetic variation,StudyResult_TgDogBA22_RFLP_RSRC,DS_b23482fada,<br>,N/A,N/A,Luis Gondim,RFLP genotype of a canine isolate of <i>Toxoplasma gondii</i>.,results,N/A,,
Eurasian lynx and beaver RFLP genotype,1/18/2023,N/A,Walter U. Basso,"Institute for Parasitology, University of Bern","ToxoDB rel. 1.0, 01-JAN-05",0,Genetic variation,StudyResult_Scherrer_Eurasian_lynx_beaver_RFLP_RSRC,DS_b3bfdd790c,<br>,"37032843, 37909405",N/A,Walter U. Basso,RFLP analysis of isolate from Eurasian lynx and beaver,results,N/A,,
Chicken RFLP genotypes,7/12/2016,N/A,Rodrigo Menezes,"Instituto de Pesquisa Cl&#237;nica Evandro Chagas, Funda&#231;&#227;o Oswaldo Cruz","ToxoDB rel. 11.0, 2014-MAY-08",21,Genetic variation,StudyResult_Menezes_chicken_RFLP_RSRC,DS_b4d3d960fc,<br>,26054514,N/A,Casartelli-Alves et al.,<i>T. gondii</i> RFLP genotypes from chickens (Menezes lab),results,N/A,,
Toxoplasma phosphorylated proteins from infected cells (GT1 aligned),3/26/2019,N/A,Michael Reese,N/A,"ToxoDB rel. 53, 2021-JUL-21",53,Protein expression,tgonGT1_massSpec_Beraki_GT_Phospho_RSRC,DS_b522a98769,<i>Toxoplasma gondii</i> GT1<br>,30850550,N/A,Beraki et al. 2019,Phosphoproteomes of the parental (WT) and RHΔwng1 strains using stable isotope labeling with amino acids in cell culture (SILAC) quantitative mass spectrometry (MS) based proteomics.,protein_expression,N/A,,
Oocyst proteome - Fractionated (M4 type II),2011_06_22,Apollo,John Boothroyd,"Department of Microbiology and Immunology, Stanford University School of Medicine","ToxoDB rel. 1.0, 01-JAN-05",0,Protein expression,tgonME49_massSpec_Boothroyd_Bowyer_oocyst_sporozoite_RSRC,DS_bbaab04ef1,<i>Toxoplasma gondii</i> ME49<br>,22279555,N/A,Fritz et al.,"Proteomes of oocyst walls, sporocysts/sporozoites cytosol and membrane fractions 
from <i>Toxoplasma gondii</i> Type II M4 strain oocysts.",protein_expression,N/A,,
Comparative proteomics of 4 SAG1 KO clones by iTop3,6/21/2023,Apollo,Joachim Muller,"University of Bern, Switzerland","ToxoDB rel. 68, 2024-MAY-07",68,Protein expression,tgonME49_quantitativeMassSpec_Hanggeli_SAG1_iTop3_RSRC,DS_bf624abaf0,<i>Toxoplasma gondii</i> ME49<br>,37445632,N/A,Hanggeli et al. 2023,Whole cell shotgut proteomics of wild type and 4 knock out clones of SAG1. Data were analyzed by iTop3 methods.,protein_expression,N/A,,
<i>Toxoplasma gondii</i> TgCATBr5 Genome Sequence,8/26/2011,N/A,David Sibley,Washington University School of Medicine,"ToxoDB rel. 9.0, 2013-SEP-25",19,Genomes,tgonTgCATBr5_primary_genome_RSRC,DS_c09740ecb6,<i>Toxoplasma gondii</i> TgCATBr5<br>,N/A,N/A,David Sibley,Genome sequence for <i>Toxoplasma gondii</i> strain CATBr5.,genome,N/A,,
Tachyzoite phosphoproteome from purified parasite or infected host cell (RH),N/A,Apollo,John Boothroyd,"Department of Microbiology and Immunology, Stanford University School of Medicine","ToxoDB rel. 1.0, 01-JAN-05",0,Protein expression,_massSpec_Boothroyd_Elias_Moritz_Phosphoproteome_RSRC,DS_c1919ed48f,<i>Toxoplasma gondii</i> GT1<br><i>Toxoplasma gondii</i> ME49<br>,22018241,N/A,Treeck et al.,"Proteome of phosphopeptide enriched or depleted samples from host cells infected with <i>T. gondii</i> RH tachyzoite 
    or from the same parasites purified from infected host cells.",protein_expression,N/A,,
Cell Cycle Expression Profiles (RH),12/7/2009,Apollo,Michael White,"University of South Florida, USA","ToxoDB rel. 1.0, 01-JAN-05",0,DNA Microarray Assay,tgonME49_microarrayExpression_White_GSE19092_CellCycle_RSRC,DS_c1a3dbb014,<i>Toxoplasma gondii</i> ME49<br>,20865045,N/A,Behnke et al.,"<i>T gondii</i> RH cell cycle microarray expression profiles 
    determined hourly after thymidine synchronization.",transcript_expression,N/A,,
Transcriptome during overexpression of alternative-splicing factor TgSR3,2014-06-16_gus4,Apollo,Stuart Ralph,University of Melbourne,"ToxoDB rel. 13.0, 2015-JAN-14",23,RNASeq,tgonME49_TgSR3_Overexpression_Time_Series_ebi_rnaSeq_RSRC,DS_c27eb49daf,<i>Toxoplasma gondii</i> ME49<br>,25870410,N/A,Ralph et al.,"Transcriptome during overexpression of an alternative-splicing factor, TgSR3.",transcript_expression,N/A,,
Mouse brain bradyzoite proteomics time course - quantitative,7/24/2019,Apollo,Laura J. Knoll,"Medical Microbiology and Immunology, Unviersity of Wisconsin-Madison","ToxoDB rel. 46, 2019-NOV-06",46,Protein expression,tgonME49_quantitativeMassSpec_Knoll_TgME49_Quant_RSRC,DS_c3d46a8b93,<i>Toxoplasma gondii</i> ME49<br>,31726967,N/A,Garfoot et al.,"Proteomic analysis of bradyzoites purified from mouse brain cysts at 21 days, 28 days, 3 months, 4 months and 5 months post infection. <br><br>
					  This data set has an associated RNA-Seq data set: <a href=\https://toxodb.org/toxo/app/record/dataset/DS_7eee2cd55f\"">Mouse brain bradyzoite transcriptomes at 28",90," 120 days post infection</a>.""",protein_expression,N/A
Immune Epitope Database (IEDB),N/A,Apollo,IEDB,"La Jolla Institute for Allergy and Immunology, Center For Infectious Disease, Allergy and Asthma Research","ToxoDB rel. 1.0, 01-JAN-05",0,Immunology,_IEDB(.*)RSRC$,DS_c3d9ec667a,<i>Besnoitia besnoiti</i> strain Bb-Ger1<br><i>Cyclospora cayetanensis</i> strain CHN_HEN01<br><i>Cystoisospora suis</i> strain Wien I<br><i>Eimeria acervulina</i> Houghton<br><i>Eimeria brunetti</i> Houghton<br><i>Eimeria falciformis</i> Bayer Haberkorn 1970<br><i>Eimeria maxima</i> Weybridge<br><i>Eimeria mitis</i> Houghton<br><i>Eimeria necatrix</i> Houghton<br><i>Eimeria praecox</i> Houghton<br><i>Eimeria tenella</i> Houghton 2021<br><i>Hammondia hammondi</i> strain H.H.34<br><i>Neospora caninum</i> Liverpool<br><i>Sarcocystis neurona</i> SN3<br><i>Toxoplasma gondii</i> ME49<br>,"19906713, 22610854",N/A,IEDB,IEDB epitopes.,epitope,N/A,,
T.gondii ME49 transcripts from Release 7.3,7.3,Apollo,Lis Caler,J. Craig Venter Institute,"ToxoDB rel. 1.0, 01-JAN-05",0,"Sequence sites, features and motifs",tgonME49_bld7.3Transcripts_transcript_sequences_RSRC,DS_c5911f01c1,<i>Toxoplasma gondii</i> ME49<br>,N/A,N/A,Lis Caler,Transcripts for T. gondii ME49 from ToxoDB Release 7.3.,aligned_sequence,N/A,,
<i>Toxoplasma gondii</i> VEG Genome Sequence and Annotation,11/19/2013,N/A,David Sibley,Washington University School of Medicine,"ToxoDB rel. 49, 2020-NOV-05",0,Genomes,tgonVEG_primary_genome_RSRC,DS_c5c273068e,<i>Toxoplasma gondii</i> VEG<br>,N/A,N/A,David Sibley,Sequence and annotation for the <i>Toxoplasma gondii</i> VEG genome.<br>,genome,8563,,
<i>Toxoplasma gondii</i> TgCATBr9 Genome Sequence and Annotation,4/20/2018,N/A,David Sibley,Washington University School of Medicine,"ToxoDB rel. 49, 2020-NOV-05",0,Genomes,tgonTgCATBr9_primary_genome_RSRC,DS_c76af7a843,<i>Toxoplasma gondii</i> TgCATBr9<br>,26738725,N/A,David Sibley,Genome sequence and annotation of <i>Toxoplasma gondii</i> strain TgCATBr9,genome,10007,,
A single-parasite transcriptional atlas of Toxoplasma Gondii PRU,4/4/2023,Apollo,John Boothroyd,"Department of Microbiology and Immunology, Stanford University School of Medicine","ToxoDB rel. 64, 2023-JUL-12",64,scRNA-Seq,tgonME49_boothroyd_PRU_cellxgene_RSRC,DS_cc9d89d676,<i>Toxoplasma gondii</i> ME49<br>,32065584,N/A,Xue et al.,A single cell expression atlas in three strains of Toxoplasma gondii tachyzoites and bradyzoites reveals novel control of antigen expression and concerted gene expression through the lifecycle.,transcript_expression,N/A,,
Cosmid Ends and Cloned Insert Ends,5/4/2011,Apollo,Laura J. Knoll,"Medical Microbiology and Immunology, Unviersity of Wisconsin-Madison","ToxoDB rel. 1.0, 01-JAN-05",0,"Sequence sites, features and motifs",tgonME49_Lorenzi_CosmidEnds_clonedInsertEnds_RSRC,DS_ce9ddec9f5,<i>Toxoplasma gondii</i> ME49<br>,N/A,N/A,Laura J. Knoll,"Sequence from cosmid ends was mapped against <i>T. gondii</i> ME49, VEG and GT1 scaffolds.</b><br> 
       The ME49 cosmid library was constructed in the laboratory of Laura Knoll by Amanda Foltz using the 
       vector ToxoSuperCos derived from the Stratagene vector SuperCos. Information about ToxoSuperCos 
       can be extracted from this <a href=\http://toxomap.wustl.edu/cosmid.html\"">link</a>.  ",,,,
"       The ends were sequenced at JCVI and provided by Hernan Lorenzi.""",aligned_sequence,N/A,,,,,,,,,,,,,,,,
"Tachyzoite proteome (12, 36, 56 hpi) of virulent and avirulent N. caninum strains",5/30/2018,Apollo,L.M. Ortega-Mora,"SALUVET, Animal Health Department, Faculty of Veterinary Sciences, Complutense University of Madrid","ToxoDB rel. 43, 2019-APR-25",43,Protein expression,ncanLIV_massSpec_Horcajo_Tachyzoite_RSRC,DS_cfb8a438c7,<i>Neospora caninum</i> Liverpool<br>,29154927,N/A,Horcajo et al.,"Proteomic analysis of two Neospora caninum strains of disparate virulence: virulent Nc-Spain7 strain and the comparatively avirulent Nc-Spain1H strain. Samples taken at 12, 36 and 56 hours post infection were analyzed.",protein_expression,N/A,,
<i>Neospora caninum</i> Liverpool Genome Sequence and Annotation,2/27/2015,Apollo,Jonathan M. Wastling,University of Liverpool,"ToxoDB rel. 8.0, 2012-NOV-15",0,Genomes,ncanLIV_primary_genome_RSRC,DS_d40353df12,<i>Neospora caninum</i> Liverpool<br>,22457617,N/A,Jonathan M. Wastling,Genome sequence and annotation for <i>Neospora caninum</i> Liverpool,genome,7266,,
Tachyzoite transcriptome during invasion (RH),7/13/2011,Apollo,Vern B. Carruthers,University of Michigan,"ToxoDB rel. 1.0, 01-JAN-05",0,DNA Microarray Assay,tgonME49_microarrayExpression_Carruthers_GSE20480_RSRC,DS_d459caa7da,<i>Toxoplasma gondii</i> ME49<br>,21166903,N/A,Gaji et al.,"Microarray analysis of three <i>Toxoplasma gondii</i> RH 
    parasite populations: 
    extracellular parasites, intracellular parasites soon after invasion (newly invaded) and 
    intracellular parasites 2 h post invasion.",transcript_expression,N/A,,
Fitness during the <i>T. gondii</i> lytic cycle. (Genome-Wide CRISPR Screen),Aug-16,N/A,Sebastian Lourido,Whitehead Institute for Biomedical Research,"ToxoDB rel. 29, 2016-OCT-12",29,Phenotype,tgonGT1_crisprPhenotype_CrisprScreen_RSRC,DS_d4745ea297,<i>Toxoplasma gondii</i> GT1<br>,27594426,N/A,Sebastian Lourido,"Genome-wide loss of function screen (CRISPR) that measures each gene's contribution to <i>Toxoplasma gondii</i> 
                 fitness during infection of human fibroblasts.  
                 Phenotype score = log2 (sgRNA of infected cultures / sgRNA composition of original library)",phenotype,N/A,,
<i>Cyclospora cayetanensis</i> isolate NF1_C8 Genome Sequence and Annotation,9/6/2018,N/A,Gopal R. Gopinath,"Center of Food Safety and Applied Nutrition, U. S. Food and Drug Administration","ToxoDB rel. 49, 2020-NOV-05",45,Genomes,ccayNF1_C8_primary_genome_RSRC,DS_d4a54f0baa,<i>Cyclospora cayetanensis</i> isolate NF1_C8<br>,"26042787, 27899155, 29643938",N/A,Gopal R. Gopinath,Genome sequence and annotation for <i>Cyclospora cayetanensis</i> isolate NF1_C8,genome,6135,,
Versatile acetylation-methylation switch at K31 of histone H4,6/17/2017,Apollo,Mohamed-Ali Hakimi,"Team Host-pathogen interactions and immunity to infection, University of Grenoble Alpes, Inserm, CNRS, IAB, Grenoble, France","ToxoDB rel. 43, 2019-APR-25",43,CHIP Seq,tgonME49_Sindikubwabo_H4_acetylation-methylation_chipSeq_RSRC,DS_d4c9b14efe,<i>Toxoplasma gondii</i> ME49<br>,29101771,N/A,Sindikubwabo et al.,Versatile modifications at Lys31 within the globular domain of histone H4 that crucially determine genome organization and expression in Apicomplexa parasites,transcript_expression,N/A,,
Tachyzoite Transcriptome Time Series (ME49),2013-11-21_gus4,Apollo,Brian D. Gregory,University of Pennsylvania,"ToxoDB rel. 12.0, 2014-SEP-10",0,RNASeq,tgonME49_Gregory_ME49_mRNA_rnaSeq_RSRC,DS_d5645bc639,<i>Toxoplasma gondii</i> ME49<br>,N/A,N/A,Gregory,<i>T. gondii</i> ME49 Tachyzoite  mRNA Illumina sequences aligned to the ME49 Genome,transcript_expression,N/A,,
<i>Toxoplasma gondii</i> strain ME49xCTG F1 S27 Genome Sequence,10/20/2020,N/A,John Boyle,"Department of Biological Sciences, Dietrich School of Arts and Sciences, University of Pittsburgh","ToxoDB rel. 52, 2021-MAY-20",52,Genomes,tgonME49xCTG_primary_genome_RSRC,DS_d732930709,<i>Toxoplasma gondii</i> strain ME49xCTG F1 S27<br>,N/A,N/A,John Boyle,Genome Sequence of <i>Toxoplasma gondii</i> strain ME49xCTG F1 S27,genome,N/A,,
KEGG Metabolic Pathways,2022.1,N/A,KEGG,KEGG,"ToxoDB rel. 1.0, 01-JAN-05",0,KEGG Metabolic Pathways,Pathways_KEGG_RSRC,DS_d7d1b2b1ce,<br>,N/A,N/A,KEGG,Metabolic Pathway records from KEGG,pathway,N/A,,
Bradyzoite in vivo transcriptome (M4),2013-11-21_gus4,Apollo,John Boothroyd,"Department of Microbiology and Immunology, Stanford University School of Medicine","ToxoDB rel. 12.0, 2014-SEP-10",22,RNASeq,tgonME49_Buchholz_Boothroyd_M4_in_vivo_bradyzoite_rnaSeq_RSRC,DS_dac07dbf93,<i>Toxoplasma gondii</i> ME49<br>,22021236,N/A,Buchholz et al.,<i>T. gondii</i> M4 in vivo bradyzoite mRNA Illumina sequences aligned to the ME49 Genome,transcript_expression,N/A,,
AlphaFold Predictions,AlphaFold-release4,N/A,AlphaFold,EMBL-EBI,"ToxoDB rel. 60, 2022-NOV-09",60,Protein Structure,alphaFold_RSRC,DS_dc1c8cb24c,<br>,"34265844, 34791371",N/A,AlphaFold,AlphaFold is an artificial intelligence created by DeepMind that predicts protein structure from amino acid sequences. AlphaFold has worked with EMBL-EBI to create a publicly available database of structural predictions.,function,N/A,,
Tachyzoite non-coding RNA (ME49),9/28/2011,Apollo,Brian D. Gregory,University of Pennsylvania,"ToxoDB rel. 45, 2019-SEP-05",45,RNASeq,tgonME49_smallNcRna_Gregory_ME49_ncRNA_RSRC,DS_dc53d9884f,<i>Toxoplasma gondii</i> ME49<br>,N/A,N/A,Gregory,<i>T. gondii</i> ME49 ncRNA Illumina sequences aligned to the ME49 Genome,transcript_expression,N/A,,
<i>Toxoplasma gondii</i> CtCo5 Genome Sequence,7/17/2012,N/A,David Sibley,Washington University School of Medicine,"ToxoDB rel. 9.0, 2013-SEP-25",19,Genomes,tgonCtCo5_primary_genome_RSRC,DS_dcc2e00560,<i>Toxoplasma gondii</i> CtCo5<br>,N/A,N/A,David Sibley,Genome sequence for <i>Toxoplasma gondii</i> strain CtCo5.,genome,N/A,,
"Centromere Identification (CenH3-HA, H3K9me2)",6/2/2009,Apollo,Kami Kim,University of South Florida,"ToxoDB rel. 1.0, 01-JAN-05",0,ChIP chip,tgonME49_chipChipExper_Einstein_centromeres_RSRC,DS_e0774345f1,<i>Toxoplasma gondii</i> ME49<br>,21321216,N/A,Kami Kim,Centromere locations determined by ChIP-chip analysis with CenH3-HA antibodies.,transcript_expression,N/A,,
Toxoplasma gondii strain CZ clone H3 aligned genome sequence,4/27/2018,Apollo,Adrian B. Hehl,"Institute of Parasitology, University of Zurich, Zurich, Switzerland","ToxoDB rel. 41, 2018-DEC-13",41,Genetic variation,tgonME49_HTS_SNP_Ramakrishnan_CZ_cloneH3_RSRC,DS_e19cdf0a8c,<i>Toxoplasma gondii</i> ME49<br>,N/A,N/A,Ramakrishnan et al.,"Genomic DNA sequencing from <i>Toxoplasma gondii</i> strain CZ clone H3.  Data were used to call 
      SNPs and 
      determine CNV.",isolates,N/A,,
<i>Cyclospora cayetanensis</i> strain CHN_HEN01 Genome Sequence and Annotation,9/22/2016,Apollo,Lihua Xiao,South China Agricultural University,"ToxoDB rel. 49, 2020-NOV-05",25,Genomes,ccayCHN_HEN01_primary_genome_RSRC,DS_e2540b4397,<i>Cyclospora cayetanensis</i> strain CHN_HEN01<br>,27129308,N/A,Lihua Xiao,Genome sequence and annotation for <i>Cyclospora cayetanensis</i> strain CHN_HEN01.,genome,7455,,
Extracellular vesicles (RH),2017-08,Apollo,Patricia Alves Morking,Instituto Carlos Chagas,"ToxoDB rel. 35, 2017-DEC-01",35,Protein expression,tgonME49_massSpec_Extracellular_Vesicles_RSRC,DS_e38956311d,<i>Toxoplasma gondii</i> ME49<br>,28643940,N/A,Wowk et al.,<i>Toxoplasm gondii</i> RH Extracellular vesicles proteomics,protein_expression,N/A,,
Aligned genomic sequence reads - VEG Strain,6/27/2012,N/A,Ian Paulsen,The Institute for Genomic Research,"ToxoDB rel. 13.0, 2015-JAN-14",23,Genetic variation,tgonVEG_HTS_SNP_reference_genome_RSRC,DS_e41006ac89,<i>Toxoplasma gondii</i> VEG<br>,N/A,N/A,Ian Paulsen,"Whole genome resequencing data from <i>Toxoplasma gondii</i> strain VEG were used to call SNPs 
       and determine CNV at the gene and chromosome level.",isolates,N/A,,
Phosphoproteome of PPM3C knockout and WT parasites,12/28/2020,Apollo,Louis M. Weiss,Albert Einstein College of Medicine,"ToxoDB rel. 64, 2023-JUL-12",64,Protein expression,tgonME49_massSpec_PPM3C_KO_PO4Prot_RSRC,DS_e46e9a5c68,<i>Toxoplasma gondii</i> ME49<br>,33370417,N/A,Mayoral et al. 2020,Differential phosphoprotein expression for wild type and PPM3C knockout <i> Toxoplasma gondii</i> parasites.,protein_expression,N/A,,
Lytic cycle chromatin access map (scATAC-Seq),3/14/2024,Apollo,Kourosh Zarringhalam,"Department of Mathematics, University of Mass","ToxoDB rel. 68, 2024-MAY-07",68,scRNA-Seq,tgonME49_zarringhalam_cellcycle_atac_cellxgene_RSRC,DS_e56a48bfad,<i>Toxoplasma gondii</i> ME49<br>,N/A,N/A,Lou et al. 2023,Unbiased chromatin accessibility map throughout the lytic cell cycle of <i>Toxoplasma gondii</i> determine by single cell ATAC-seq.,transcript_expression,N/A,,
Proteome During an Infection in Homo sapiens (Quant),2015-12-15_gus4,Apollo,Jonathan M. Wastling,University of Liverpool,"ToxoDB rel. 28, 2016-MAR-31",28,Protein expression,ncanLIV_quantitativeMassSpec_Wastling_quant_massSpec_RSRC,DS_e611ed9e90,<i>Neospora caninum</i> Liverpool<br>,25867681,N/A,Krishna et al.,"<i>N. caninum</i> peptide sequences from 6 proteomic analyses of parasite/host cell samples that were
    collected during time course infections in human foreskin fibroblasts.",protein_expression,N/A,,
<i>Toxoplasma gondii</i> GT1 Genome Sequence and Annotation,7/19/2013,N/A,David Sibley,Washington University School of Medicine,"ToxoDB rel. 49, 2020-NOV-05",0,Genomes,tgonGT1_primary_genome_RSRC,DS_e6430c2ee1,<i>Toxoplasma gondii</i> GT1<br>,N/A,N/A,David Sibley,"<i>Toxoplasma gondii</i> GT1 sequence and  annotation from  Lis Caler at the J. Craig Venter Institute (<a href=\http://msc.jcvi.org/t_gondii/index.shtml\""Target=\""_blank\"">JCVI</a>).""",genome,8637,,
<i>Eimeria tenella</i> Houghton 2021 Genome Sequence and Annotation,3/5/2021,Apollo,Adam J. Reid,"Wellcome/CRUK Gurdon Institute: Cambridge, GB","ToxoDB rel. 59, 2022-AUG-30",55,Genomes,etenHoughton2021_primary_genome_RSRC,DS_e6de9bc8d6,<i>Eimeria tenella</i> Houghton 2021<br>,34703904,N/A,Adam J. Reid,Genome Sequence and Annotation of <i>Eimeria tenella</i> Houghton 2021,genome,7825,,
"Feline enterocyte, tachyzoite, bradyzoite stage transcriptome",5/5/2020,Apollo,Adrian B. Hehl,"Institute of Parasitology, University of Zurich, Zurich, Switzerland","ToxoDB rel. 38, 2018-JUL-05",38,RNASeq,tgonME49_Ramakrishnan_enteroepithelial_stages_ebi_rnaSeq_RSRC,DS_e7467c0306,<i>Toxoplasma gondii</i> ME49<br>,30728393,N/A,"Hehl, Ramakrishnan et al.",Tanscriptomes of <i>Toxoplasma gondii</i> strain CZ clone H3 in feline enteroepithelial stages,transcript_expression,N/A,,
Rhoptry proteome of sporozoites (Wis),2/1/2013,Apollo,Fiona Tomley,"Royal Veterinary College, University of London","ToxoDB rel. 1.0, 01-JAN-05",0,Protein expression,etenHoughton2021_massSpec_Tomley_sporozoite_rhoptry_2021_RSRC,DS_e819c162f3,<i>Eimeria tenella</i> Houghton 2021<br>,23262303,N/A,Oakes et al.,The rhoptry proteome of <i>Eimeria tenella</i> sporozoites,protein_expression,N/A,,
Differential Expression Profiling GCN5-A mutant,7/13/2011,Apollo,William Sullivan,Indiana University School of Medicine,"ToxoDB rel. 1.0, 01-JAN-05",0,DNA Microarray Assay,tgonME49_microarrayExpression_Sullivan_GSE22100_GCN5-A_RSRC,DS_e8c4cf2187,<i>Toxoplasma gondii</i> ME49<br>,21179246,N/A,Naguleswaran et al.,"Differential expression of TgGCN5-A null mutant under Alkaline growth conditions compared to wild type.
<br/><br/>",transcript_expression,N/A,,
<i>Toxoplasma gondii</i> MAS Genome Sequence and Annotation,8/15/2014,N/A,David Sibley,Washington University School of Medicine,"ToxoDB rel. 49, 2020-NOV-05",0,Genomes,tgonMAS_primary_genome_RSRC,DS_eb943568f9,<i>Toxoplasma gondii</i> MAS<br>,N/A,N/A,David Sibley,Genome sequence and Annotation of <i>Toxoplasma gondii</i> MAS,genome,10176,,
Tachyzoite Intra- and Extracellular Lysine-Acetylomes (RH),1,Apollo,William Sullivan,Indiana University School of Medicine,"ToxoDB rel. 1.0, 01-JAN-05",0,Protein expression,tgonME49_massSpec_Sullivan_RSRC,DS_ed01fb3f77,<i>Toxoplasma gondii</i> ME49<br>,"22544907, 23403842",N/A,Jeffers and Xue,MS/MS analysis of peptides affinity purified from parasite lysate using an anti-acetyl-lysine antibody.,protein_expression,N/A,,
Hyper LOPIT Global mapping of protein subcellular location,9/19/2019,Apollo,Ross Waller,"Department of Biochemistry, University of Cambridge, UK","ToxoDB rel. 46, 2019-NOV-06",46,Immunology,tgonME49_lopit_LOPIT_RSRC,DS_eda79f81b5,<i>Toxoplasma gondii</i> ME49<br>,"30481170, 33053376",N/A,Ross Waller,HyperLOPIT spacial proteomics was used to simultaneously capture the steady-state subcellular association of thousands of proteins in the apicomplexan <i>Toxoplasma</i>.,generic_profiles,N/A,,
Eimeria tenella response to toltrazuril,5/6/2023,Apollo,Dandan Hu,"College of Animal Science and Technology, Guangxi University","ToxoDB rel. 66, 2023-NOV-28",66,RNASeq,etenHoughton2021_etenHoughton2021_toltrazuril_trx_RNASeq_ebi_rnaSeq_RSRC,DS_ef5599ef46,<i>Eimeria tenella</i> Houghton 2021<br>,37176073,N/A,Zhang et al. 2023,"RNA-Seq transcriptomes of merozoites treated with toltrazuril, a widely used frontline anticoccidial drug that is experiencing drug resistance, for 0, 1, 2, and 4-hours.",transcript_expression,N/A,,
Tachyzoite Transcriptome Time Series (GT1),2013-11-21_gus4,Apollo,Brian D. Gregory,University of Pennsylvania,"ToxoDB rel. 12.0, 2014-SEP-10",22,RNASeq,tgonME49_Gregory_GT1_mRNA_rnaSeq_RSRC,DS_ef984802b1,<i>Toxoplasma gondii</i> ME49<br>,N/A,N/A,Gregory,<i>T. gondii</i> GT1  Tachyzoite  mRNA Illumina sequences aligned to the ME49 Genome,transcript_expression,N/A,,
N-terminal Peptides (RH),9/12/2017,Apollo,Dominique Soldati-Favre,"Department of Microbiology and Molecular Medicine, University of Geneva, Geneva, Switzerland","ToxoDB rel. 37, 2018-APR-25",37,Protein expression,tgonME49_massSpec_Dogga_N-terminal_RSRC,DS_f2a3eb5df6,<i>Toxoplasma gondii</i> ME49<br>,28898199,N/A,Dogga et al.,<i>Toxoplasma gondii</i> RH N-terminal Peptides,protein_expression,N/A,,
Tachyzoite conoid proteome (RH),3/30/2007,Apollo,John Murray,University of Pennsylvania,"ToxoDB rel. 1.0, 01-JAN-05",0,Protein expression,tgonME49_massSpec_MurrayRoos_preprocessed_RSRC,DS_f2d7e5313b,<i>Toxoplasma gondii</i> ME49<br>,16518471,N/A,Hu et al.,"Proteomic analysis of conoid enriched/depleted 
    fractions of <i>T. gondii</i> RH tachyzoites.",protein_expression,N/A,,
Chromatin Immunoprecipitation (H3K4me1) - Active Transcriptome,8/16/2010,Apollo,Kami Kim,University of South Florida,"ToxoDB rel. 1.0, 01-JAN-05",0,ChIP chip,tgonME49_chipChipExper_Einstein_ME1_RSRC,DS_f6225d4325,<i>Toxoplasma gondii</i> ME49<br>,N/A,N/A,Kami Kim,"Chromatin Immunoprecipitation chip data identifying regions of active transcription in <i>T. gondii</i> 
       RH tachyzoites using H3K4me1. Peak calls were made by the data provider.",transcript_expression,N/A,,
Aligned End-Sequenced Fosmids,2/19/2013,Apollo,Boris Striepen,University of Pennsylvania,"ToxoDB rel. 8.2, 2013-MAY-31",18,"Sequence sites, features and motifs",tgonME49_Vinayak_FosmidEnds_clonedInsertEnds_RSRC,DS_f89d6a8d87,<i>Toxoplasma gondii</i> ME49<br>,N/A,N/A,Boris Striepen,<i>Toxoplasma gondii</i> RH sequence from fosmid ends mapped against <i>T. gondii</i> ME49,aligned_sequence,N/A,,
Gene Ontology,11/16/2021,N/A,GO Consortium,N/A,"ToxoDB rel. 1.0, 01-JAN-05",0,Ontology,GO_RSRC,DS_fba620f00d,<br>,10802651,N/A,GO Consortium,GO annotations from The GO Consortium,function,N/A,,
<i>Eimeria necatrix</i> Houghton Genome Sequence and Annotation,1/28/2014,Apollo,Arnab Pain,King Abdullah University of Science and Technology,"ToxoDB rel. 49, 2020-NOV-05",21,Genomes,enecHoughton_primary_genome_RSRC,DS_fccc478c3f,<i>Eimeria necatrix</i> Houghton<br>,N/A,N/A,Arnab Pain,<i>Eimeria necatrix</i> Houghton sequence and annotation,genome,8603,,
Oocyst proteome (M4 TypeII),1,Apollo,Jonathan M. Wastling,University of Liverpool,"ToxoDB rel. 1.0, 01-JAN-05",0,Protein expression,tgonME49_massSpec_Wastling_Oocysts_RSRC,DS_fdad81c730,<i>Toxoplasma gondii</i> ME49<br>,N/A,N/A,Wastling,<i>T. gondii</i> Type II M4 oocyst proteome determined using quantitative methods,protein_expression,N/A,,
<i>N caninum</i> LIV Proteome During Infection in humans,12/15/2015,Apollo,Jonathan M. Wastling,University of Liverpool,"ToxoDB rel. 28, 2016-MAR-31",28,Protein expression,ncanLIV_massSpec_Wastling_human_infection_RSRC,DS_ff403b724f,<i>Neospora caninum</i> Liverpool<br>,25867681,N/A,Krishna at al.,"<i>N. caninum</i> peptide sequences from a proteomic analysis of a mixed parasite/host sample
    collected during infection in human foreskin fibroblasts.",protein_expression,N/A,,
